2014.12.23,09:03,1.2233,1.2234,1.2233,1.2234,2
2014.12.23,09:04,1.2233,1.2234,1.2233,1.2234,4
2014.12.23,09:05,1.2235,1.2235,1.2235,1.2235,1
2014.12.23,09:06,1.2236,1.2236,1.2235,1.2236,3
2014.12.23,09:07,1.2235,1.2236,1.2235,1.2235,3
2014.12.23,09:09,1.2236,1.2236,1.2236,1.2236,1
2014.12.23,09:10,1.2237,1.2237,1.2235,1.2235,3
2014.12.23,09:11,1.2236,1.2236,1.2236,1.2236,1
2014.12.23,09:12,1.2237,1.2237,1.2236,1.2237,5
2014.12.23,09:13,1.2236,1.2237,1.2235,1.2235,8
2014.12.23,09:14,1.2234,1.2235,1.2234,1.2234,7
2014.12.23,09:15,1.2233,1.2235,1.2233,1.2235,5
2014.12.23,09:17,1.2236,1.2236,1.2235,1.2235,2
2014.12.23,09:18,1.2234,1.2235,1.2234,1.2235,2
2014.12.23,09:21,1.2236,1.2236,1.2235,1.2235,2
2014.12.23,09:22,1.2234,1.2234,1.2234,1.2234,1
2014.12.23,09:23,1.2233,1.2233,1.2233,1.2233,1
2014.12.23,09:25,1.2232,1.2233,1.2232,1.2232,5
2014.12.23,09:26,1.2233,1.2234,1.2233,1.2234,6
2014.12.23,09:30,1.2236,1.2238,1.2235,1.2238,5
2014.12.23,09:31,1.2237,1.2237,1.2236,1.2237,3
2014.12.23,09:32,1.2238,1.2238,1.2237,1.2237,8
2014.12.23,09:33,1.2236,1.2236,1.2236,1.2236,1
2014.12.23,09:34,1.2237,1.2237,1.2237,1.2237,1
2014.12.23,09:36,1.2236,1.2237,1.2236,1.2236,7
2014.12.23,09:37,1.2237,1.2238,1.2237,1.2238,2
2014.12.23,09:38,1.2237,1.2238,1.2237,1.2238,2
2014.12.23,09:39,1.2237,1.2238,1.2237,1.2237,9
2014.12.23,09:40,1.2238,1.2238,1.2237,1.2237,6
2014.12.23,09:41,1.2236,1.2236,1.2236,1.2236,1
2014.12.23,09:42,1.2237,1.2238,1.2237,1.2237,3
2014.12.23,09:43,1.2238,1.2238,1.2237,1.2238,5
2014.12.23,09:44,1.2237,1.2238,1.2237,1.2237,7
2014.12.23,09:45,1.2236,1.2236,1.2233,1.2233,4
2014.12.23,09:46,1.2232,1.2234,1.2232,1.2234,5
2014.12.23,09:47,1.2233,1.2233,1.2232,1.2232,6
2014.12.23,09:48,1.2231,1.2232,1.2229,1.2230,6
2014.12.23,09:49,1.2229,1.2229,1.2228,1.2229,13
2014.12.23,09:50,1.2228,1.2230,1.2228,1.2230,7
2014.12.23,09:51,1.2231,1.2231,1.2230,1.2231,3
2014.12.23,09:52,1.2230,1.2230,1.2230,1.2230,1
2014.12.23,09:53,1.2229,1.2229,1.2228,1.2228,8
2014.12.23,09:54,1.2229,1.2229,1.2228,1.2228,2
2014.12.23,10:05,1.2229,1.2229,1.2229,1.2229,1
2014.12.23,10:06,1.2228,1.2228,1.2226,1.2227,6
2014.12.23,10:07,1.2228,1.2229,1.2228,1.2229,6
2014.12.23,10:08,1.2230,1.2230,1.2229,1.2229,2
2014.12.23,10:09,1.2230,1.2230,1.2229,1.2229,2
2014.12.23,10:10,1.2230,1.2230,1.2230,1.2230,1
2014.12.23,10:11,1.2229,1.2229,1.2229,1.2229,1
2014.12.23,10:13,1.2230,1.2230,1.2229,1.2230,5
2014.12.23,10:14,1.2229,1.2229,1.2229,1.2229,1
2014.12.23,10:16,1.2230,1.2231,1.2230,1.2231,4
2014.12.23,10:17,1.2232,1.2234,1.2231,1.2234,11
2014.12.23,10:18,1.2235,1.2235,1.2233,1.2233,9
2014.12.23,10:19,1.2232,1.2234,1.2232,1.2234,9
2014.12.23,10:20,1.2235,1.2235,1.2234,1.2234,4
2014.12.23,10:22,1.2235,1.2238,1.2235,1.2237,9
2014.12.23,10:23,1.2236,1.2237,1.2236,1.2236,5
2014.12.23,10:24,1.2237,1.2237,1.2236,1.2236,2
2014.12.23,10:26,1.2235,1.2235,1.2234,1.2234,6
2014.12.23,10:27,1.2235,1.2236,1.2234,1.2234,10
2014.12.23,10:29,1.2233,1.2233,1.2233,1.2233,1
2014.12.23,10:30,1.2232,1.2232,1.2231,1.2232,3
2014.12.23,10:31,1.2233,1.2233,1.2232,1.2232,2
2014.12.23,10:32,1.2233,1.2234,1.2232,1.2234,10
2014.12.23,10:33,1.2233,1.2235,1.2233,1.2234,4
2014.12.23,10:34,1.2235,1.2235,1.2233,1.2235,9
2014.12.23,10:35,1.2236,1.2236,1.2235,1.2236,5
2014.12.23,10:36,1.2235,1.2236,1.2235,1.2235,3
2014.12.23,10:37,1.2237,1.2243,1.2237,1.2243,18
2014.12.23,10:38,1.2242,1.2243,1.2241,1.2242,7
2014.12.23,10:39,1.2241,1.2243,1.2241,1.2243,5
2014.12.23,10:40,1.2244,1.2244,1.2243,1.2243,4
2014.12.23,10:41,1.2242,1.2244,1.2242,1.2244,3
2014.12.23,10:42,1.2245,1.2245,1.2243,1.2243,5
2014.12.23,10:43,1.2242,1.2242,1.2240,1.2242,9
2014.12.23,10:44,1.2241,1.2242,1.2238,1.2239,11
2014.12.23,10:45,1.2238,1.2240,1.2237,1.2240,17
2014.12.23,10:46,1.2239,1.2240,1.2237,1.2238,10
2014.12.23,10:47,1.2237,1.2239,1.2237,1.2239,5
2014.12.23,10:48,1.2238,1.2238,1.2237,1.2237,6
2014.12.23,10:49,1.2238,1.2238,1.2235,1.2236,13
2014.12.23,10:50,1.2235,1.2236,1.2235,1.2235,7
2014.12.23,10:51,1.2236,1.2236,1.2235,1.2236,7
2014.12.23,10:52,1.2235,1.2236,1.2235,1.2236,2
2014.12.23,10:53,1.2235,1.2236,1.2235,1.2236,2
2014.12.23,10:54,1.2235,1.2236,1.2235,1.2235,3
2014.12.23,10:55,1.2234,1.2235,1.2234,1.2235,4
2014.12.23,10:56,1.2234,1.2234,1.2233,1.2233,2
2014.12.23,10:57,1.2234,1.2234,1.2233,1.2233,4
2014.12.23,10:58,1.2232,1.2232,1.2232,1.2232,1
2014.12.23,10:59,1.2233,1.2233,1.2232,1.2233,3
2014.12.23,11:00,1.2232,1.2235,1.2232,1.2235,6
2014.12.23,11:02,1.2234,1.2234,1.2232,1.2232,5
2014.12.23,11:03,1.2233,1.2233,1.2232,1.2232,2
2014.12.23,11:04,1.2233,1.2234,1.2233,1.2234,4
2014.12.23,11:05,1.2233,1.2234,1.2233,1.2234,2
2014.12.23,11:06,1.2235,1.2235,1.2234,1.2234,4
2014.12.23,11:07,1.2233,1.2234,1.2233,1.2233,3
2014.12.23,11:08,1.2234,1.2238,1.2233,1.2237,24
2014.12.23,11:09,1.2238,1.2239,1.2238,1.2239,2
2014.12.23,11:10,1.2238,1.2239,1.2238,1.2238,5
2014.12.23,11:11,1.2237,1.2238,1.2237,1.2238,2
2014.12.23,11:12,1.2237,1.2238,1.2236,1.2236,10
2014.12.23,11:13,1.2235,1.2236,1.2234,1.2234,6
2014.12.23,11:14,1.2235,1.2235,1.2234,1.2234,8
2014.12.23,11:15,1.2233,1.2233,1.2233,1.2233,1
2014.12.23,11:17,1.2234,1.2234,1.2233,1.2233,2
2014.12.23,11:18,1.2234,1.2234,1.2233,1.2233,4
2014.12.23,11:20,1.2232,1.2232,1.2232,1.2232,1
2014.12.23,11:21,1.2233,1.2233,1.2232,1.2232,2
2014.12.23,11:22,1.2231,1.2231,1.2231,1.2231,1
2014.12.23,11:23,1.2232,1.2233,1.2231,1.2232,5
2014.12.23,11:25,1.2231,1.2232,1.2231,1.2231,3
2014.12.23,11:26,1.2230,1.2230,1.2229,1.2230,3
2014.12.23,11:27,1.2231,1.2231,1.2228,1.2229,5
2014.12.23,11:28,1.2228,1.2229,1.2228,1.2228,5
2014.12.23,11:29,1.2229,1.2231,1.2227,1.2231,9
2014.12.23,11:30,1.2232,1.2233,1.2230,1.2231,8
2014.12.23,11:31,1.2230,1.2232,1.2230,1.2231,6
2014.12.23,11:32,1.2232,1.2235,1.2231,1.2235,22
2014.12.23,11:33,1.2236,1.2236,1.2235,1.2235,6
2014.12.23,11:34,1.2234,1.2234,1.2233,1.2233,14
2014.12.23,11:35,1.2232,1.2236,1.2232,1.2234,17
2014.12.23,11:36,1.2235,1.2235,1.2234,1.2235,5
2014.12.23,11:37,1.2234,1.2234,1.2232,1.2234,9
2014.12.23,11:38,1.2233,1.2234,1.2233,1.2233,3
2014.12.23,11:39,1.2234,1.2234,1.2233,1.2233,4
2014.12.23,11:40,1.2234,1.2235,1.2234,1.2234,3
2014.12.23,11:41,1.2235,1.2236,1.2235,1.2236,2
2014.12.23,11:42,1.2235,1.2235,1.2234,1.2235,5
2014.12.23,11:43,1.2236,1.2236,1.2234,1.2234,9
2014.12.23,11:44,1.2235,1.2235,1.2234,1.2234,4
2014.12.23,11:47,1.2235,1.2235,1.2235,1.2235,1
2014.12.23,11:48,1.2236,1.2237,1.2236,1.2236,7
2014.12.23,11:49,1.2237,1.2237,1.2236,1.2237,7
2014.12.23,11:50,1.2238,1.2238,1.2237,1.2237,4
2014.12.23,11:51,1.2236,1.2237,1.2236,1.2236,5
2014.12.23,11:52,1.2237,1.2237,1.2236,1.2236,2
2014.12.23,11:53,1.2235,1.2236,1.2235,1.2236,2
2014.12.23,11:56,1.2235,1.2235,1.2235,1.2235,1
2014.12.23,11:57,1.2234,1.2234,1.2234,1.2234,1
2014.12.23,11:58,1.2235,1.2235,1.2235,1.2235,1
2014.12.23,11:59,1.2234,1.2234,1.2233,1.2234,5
2014.12.23,12:00,1.2235,1.2236,1.2235,1.2235,5
2014.12.23,12:01,1.2234,1.2235,1.2234,1.2235,2
2014.12.23,12:02,1.2234,1.2234,1.2233,1.2233,4
2014.12.23,12:03,1.2232,1.2234,1.2232,1.2234,3
2014.12.23,12:04,1.2235,1.2235,1.2234,1.2235,5
2014.12.23,12:05,1.2234,1.2235,1.2233,1.2233,10
2014.12.23,12:06,1.2232,1.2233,1.2231,1.2232,15
2014.12.23,12:07,1.2233,1.2233,1.2231,1.2232,6
2014.12.23,12:08,1.2231,1.2232,1.2231,1.2232,2
2014.12.23,12:09,1.2231,1.2231,1.2231,1.2231,1
2014.12.23,12:11,1.2232,1.2233,1.2231,1.2233,4
2014.12.23,12:12,1.2234,1.2234,1.2233,1.2233,4
2014.12.23,12:13,1.2234,1.2235,1.2234,1.2235,4
2014.12.23,12:14,1.2234,1.2234,1.2233,1.2233,2
2014.12.23,12:15,1.2232,1.2233,1.2231,1.2231,6
2014.12.23,12:16,1.2232,1.2232,1.2231,1.2232,3
2014.12.23,12:17,1.2231,1.2233,1.2231,1.2232,6
2014.12.23,12:18,1.2231,1.2232,1.2231,1.2232,2
2014.12.23,12:19,1.2231,1.2231,1.2230,1.2230,4
2014.12.23,12:20,1.2229,1.2229,1.2227,1.2227,11
2014.12.23,12:21,1.2226,1.2227,1.2226,1.2226,7
2014.12.23,12:22,1.2227,1.2227,1.2226,1.2226,8
2014.12.23,12:23,1.2227,1.2228,1.2227,1.2228,4
2014.12.23,12:24,1.2227,1.2229,1.2227,1.2229,3
2014.12.23,12:25,1.2230,1.2230,1.2230,1.2230,1
2014.12.23,12:26,1.2229,1.2229,1.2229,1.2229,1
2014.12.23,12:27,1.2230,1.2230,1.2229,1.2229,2
2014.12.23,12:28,1.2230,1.2231,1.2230,1.2230,5
2014.12.23,12:29,1.2231,1.2232,1.2231,1.2231,3
2014.12.23,12:30,1.2232,1.2233,1.2232,1.2232,9
2014.12.23,12:31,1.2233,1.2234,1.2233,1.2234,2
2014.12.23,12:32,1.2233,1.2234,1.2233,1.2234,2
2014.12.23,12:33,1.2233,1.2233,1.2233,1.2233,1
2014.12.23,12:34,1.2232,1.2232,1.2229,1.2230,7
2014.12.23,12:35,1.2229,1.2230,1.2229,1.2230,2
2014.12.23,12:36,1.2229,1.2229,1.2229,1.2229,1
2014.12.23,12:37,1.2228,1.2229,1.2226,1.2228,9
2014.12.23,12:38,1.2229,1.2230,1.2229,1.2230,4
2014.12.23,12:39,1.2229,1.2229,1.2227,1.2227,19
2014.12.23,12:40,1.2226,1.2229,1.2226,1.2229,12
2014.12.23,12:41,1.2230,1.2230,1.2228,1.2228,7
2014.12.23,12:42,1.2229,1.2229,1.2229,1.2229,1
2014.12.23,12:43,1.2230,1.2230,1.2229,1.2230,3
2014.12.23,12:44,1.2229,1.2230,1.2228,1.2229,25
2014.12.23,12:45,1.2230,1.2231,1.2229,1.2231,4
2014.12.23,12:46,1.2230,1.2230,1.2227,1.2227,10
2014.12.23,12:47,1.2228,1.2229,1.2227,1.2229,4
2014.12.23,12:48,1.2230,1.2230,1.2229,1.2229,8
2014.12.23,12:49,1.2228,1.2230,1.2228,1.2229,4
2014.12.23,12:52,1.2228,1.2229,1.2228,1.2229,2
2014.12.23,12:54,1.2228,1.2229,1.2228,1.2228,3
2014.12.23,12:55,1.2227,1.2229,1.2227,1.2228,8
2014.12.23,12:56,1.2229,1.2230,1.2229,1.2230,2
2014.12.23,12:57,1.2231,1.2231,1.2230,1.2231,5
2014.12.23,12:59,1.2232,1.2232,1.2231,1.2232,7
2014.12.23,13:00,1.2231,1.2232,1.2230,1.2230,4
2014.12.23,13:01,1.2229,1.2230,1.2228,1.2228,6
2014.12.23,13:02,1.2227,1.2228,1.2226,1.2227,11
2014.12.23,13:03,1.2228,1.2229,1.2227,1.2228,7
2014.12.23,13:04,1.2229,1.2229,1.2228,1.2229,7
2014.12.23,13:05,1.2228,1.2228,1.2228,1.2228,1
2014.12.23,13:06,1.2227,1.2229,1.2227,1.2229,9
2014.12.23,13:07,1.2228,1.2230,1.2227,1.2230,5
2014.12.23,13:08,1.2229,1.2230,1.2228,1.2228,8
2014.12.23,13:09,1.2227,1.2227,1.2220,1.2222,23
2014.12.23,13:10,1.2223,1.2224,1.2222,1.2224,12
2014.12.23,13:11,1.2223,1.2224,1.2222,1.2223,5
2014.12.23,13:12,1.2224,1.2224,1.2223,1.2224,5
2014.12.23,13:13,1.2223,1.2225,1.2223,1.2225,5
2014.12.23,13:14,1.2224,1.2225,1.2223,1.2224,15
2014.12.23,13:15,1.2223,1.2223,1.2220,1.2223,9
2014.12.23,13:17,1.2224,1.2225,1.2224,1.2225,2
2014.12.23,13:18,1.2226,1.2228,1.2224,1.2227,10
2014.12.23,13:19,1.2226,1.2227,1.2226,1.2226,15
2014.12.23,13:20,1.2225,1.2225,1.2224,1.2225,13
2014.12.23,13:21,1.2224,1.2226,1.2224,1.2225,4
2014.12.23,13:22,1.2224,1.2226,1.2224,1.2226,5
2014.12.23,13:23,1.2225,1.2225,1.2225,1.2225,1
2014.12.23,13:24,1.2223,1.2225,1.2223,1.2225,5
2014.12.23,13:25,1.2224,1.2227,1.2224,1.2227,12
2014.12.23,13:27,1.2228,1.2229,1.2226,1.2226,9
2014.12.23,13:28,1.2227,1.2227,1.2226,1.2227,3
2014.12.23,13:30,1.2228,1.2228,1.2228,1.2228,1
2014.12.23,13:31,1.2229,1.2229,1.2227,1.2228,4
2014.12.23,13:32,1.2229,1.2229,1.2228,1.2228,2
2014.12.23,13:33,1.2229,1.2229,1.2227,1.2227,3
2014.12.23,13:34,1.2228,1.2228,1.2227,1.2228,5
2014.12.23,13:35,1.2227,1.2227,1.2227,1.2227,1
2014.12.23,13:36,1.2226,1.2226,1.2226,1.2226,1
2014.12.23,13:37,1.2225,1.2226,1.2225,1.2226,4
2014.12.23,13:38,1.2225,1.2226,1.2225,1.2226,2
2014.12.23,13:39,1.2225,1.2225,1.2225,1.2225,1
2014.12.23,13:40,1.2224,1.2226,1.2224,1.2225,6
2014.12.23,13:41,1.2224,1.2224,1.2222,1.2223,4
2014.12.23,13:42,1.2224,1.2224,1.2223,1.2223,2
2014.12.23,13:43,1.2224,1.2224,1.2224,1.2224,1
2014.12.23,13:44,1.2223,1.2224,1.2223,1.2223,5
2014.12.23,13:45,1.2222,1.2223,1.2222,1.2223,2
2014.12.23,13:46,1.2222,1.2222,1.2221,1.2221,2
2014.12.23,13:47,1.2220,1.2221,1.2220,1.2221,10
2014.12.23,13:48,1.2222,1.2222,1.2221,1.2221,6
2014.12.23,13:49,1.2220,1.2220,1.2218,1.2220,15
2014.12.23,13:50,1.2221,1.2221,1.2219,1.2220,18
2014.12.23,13:51,1.2221,1.2222,1.2220,1.2222,6
2014.12.23,13:52,1.2223,1.2223,1.2222,1.2222,4
2014.12.23,13:53,1.2223,1.2223,1.2221,1.2222,6
2014.12.23,13:54,1.2221,1.2223,1.2221,1.2223,3
2014.12.23,13:55,1.2224,1.2224,1.2222,1.2224,7
2014.12.23,13:56,1.2225,1.2225,1.2224,1.2225,3
2014.12.23,13:57,1.2226,1.2226,1.2224,1.2224,5
2014.12.23,13:58,1.2225,1.2226,1.2224,1.2226,8
2014.12.23,13:59,1.2225,1.2226,1.2225,1.2226,4
2014.12.23,14:00,1.2227,1.2227,1.2225,1.2226,4
2014.12.23,14:01,1.2225,1.2226,1.2225,1.2225,15
2014.12.23,14:02,1.2226,1.2226,1.2225,1.2225,4
2014.12.23,14:03,1.2224,1.2225,1.2224,1.2224,3
2014.12.23,14:04,1.2223,1.2224,1.2223,1.2224,8
2014.12.23,14:05,1.2225,1.2225,1.2224,1.2225,7
2014.12.23,14:06,1.2224,1.2226,1.2224,1.2226,5
2014.12.23,14:07,1.2227,1.2227,1.2226,1.2226,2
2014.12.23,14:08,1.2227,1.2227,1.2226,1.2227,5
2014.12.23,14:09,1.2226,1.2227,1.2226,1.2226,9
2014.12.23,14:10,1.2225,1.2226,1.2225,1.2226,2
2014.12.23,14:11,1.2227,1.2227,1.2224,1.2224,8
2014.12.23,14:12,1.2223,1.2225,1.2220,1.2221,13
2014.12.23,14:13,1.2222,1.2222,1.2219,1.2220,13
2014.12.23,14:14,1.2221,1.2221,1.2218,1.2219,5
2014.12.23,14:15,1.2218,1.2219,1.2214,1.2215,10
2014.12.23,14:16,1.2214,1.2215,1.2214,1.2215,10
2014.12.23,14:17,1.2216,1.2216,1.2216,1.2216,1
2014.12.23,14:18,1.2217,1.2217,1.2216,1.2216,2
2014.12.23,14:19,1.2215,1.2215,1.2213,1.2214,6
2014.12.23,14:20,1.2215,1.2216,1.2214,1.2216,4
2014.12.23,14:21,1.2217,1.2217,1.2216,1.2216,2
2014.12.23,14:22,1.2215,1.2216,1.2213,1.2213,13
2014.12.23,14:23,1.2214,1.2215,1.2213,1.2213,6
2014.12.23,14:24,1.2214,1.2214,1.2213,1.2213,2
2014.12.23,14:25,1.2212,1.2213,1.2210,1.2211,18
2014.12.23,14:26,1.2210,1.2211,1.2210,1.2211,8
2014.12.23,14:27,1.2210,1.2210,1.2210,1.2210,1
2014.12.23,14:28,1.2211,1.2215,1.2211,1.2213,7
2014.12.23,14:29,1.2212,1.2212,1.2210,1.2210,11
2014.12.23,14:30,1.2211,1.2211,1.2210,1.2210,10
2014.12.23,14:31,1.2211,1.2215,1.2210,1.2213,19
2014.12.23,14:32,1.2214,1.2214,1.2213,1.2213,2
2014.12.23,14:34,1.2212,1.2213,1.2212,1.2213,4
2014.12.23,14:35,1.2214,1.2215,1.2213,1.2214,5
2014.12.23,14:36,1.2213,1.2213,1.2212,1.2212,2
2014.12.23,14:37,1.2213,1.2213,1.2212,1.2212,4
2014.12.23,14:38,1.2213,1.2213,1.2212,1.2212,2
2014.12.23,14:39,1.2213,1.2213,1.2211,1.2212,4
2014.12.23,14:40,1.2211,1.2212,1.2211,1.2211,9
2014.12.23,14:41,1.2212,1.2212,1.2210,1.2211,4
2014.12.23,14:43,1.2212,1.2212,1.2211,1.2212,9
2014.12.23,14:44,1.2211,1.2212,1.2211,1.2211,5
2014.12.23,14:45,1.2210,1.2211,1.2210,1.2211,2
2014.12.23,14:46,1.2210,1.2210,1.2210,1.2210,1
2014.12.23,14:48,1.2211,1.2211,1.2210,1.2210,4
2014.12.23,14:49,1.2211,1.2211,1.2210,1.2210,10
2014.12.23,14:50,1.2211,1.2211,1.2210,1.2211,3
2014.12.23,14:51,1.2212,1.2212,1.2211,1.2211,2
2014.12.23,14:52,1.2212,1.2212,1.2211,1.2212,3
2014.12.23,14:56,1.2213,1.2213,1.2213,1.2213,1
2014.12.23,14:57,1.2214,1.2214,1.2214,1.2214,1
2014.12.23,15:00,1.2213,1.2213,1.2211,1.2212,6
2014.12.23,15:01,1.2211,1.2211,1.2211,1.2211,1
2014.12.23,15:02,1.2210,1.2211,1.2210,1.2211,2
2014.12.23,15:03,1.2212,1.2212,1.2210,1.2211,4
2014.12.23,15:04,1.2210,1.2211,1.2210,1.2210,11
2014.12.23,15:05,1.2211,1.2211,1.2210,1.2211,7
2014.12.23,15:06,1.2210,1.2211,1.2210,1.2211,2
2014.12.23,15:07,1.2210,1.2210,1.2210,1.2210,1
2014.12.23,15:08,1.2211,1.2211,1.2210,1.2210,4
2014.12.23,15:09,1.2211,1.2211,1.2210,1.2210,4
2014.12.23,15:10,1.2211,1.2212,1.2210,1.2212,8
2014.12.23,15:11,1.2211,1.2211,1.2211,1.2211,1
2014.12.23,15:12,1.2212,1.2212,1.2211,1.2211,10
2014.12.23,15:13,1.2210,1.2211,1.2210,1.2211,6
2014.12.23,15:14,1.2212,1.2214,1.2211,1.2214,13
2014.12.23,15:15,1.2213,1.2214,1.2212,1.2213,9
2014.12.23,15:16,1.2214,1.2214,1.2211,1.2211,12
2014.12.23,15:18,1.2210,1.2211,1.2210,1.2211,2
2014.12.23,15:19,1.2210,1.2211,1.2210,1.2210,7
2014.12.23,15:20,1.2209,1.2209,1.2209,1.2209,1
2014.12.23,15:21,1.2210,1.2210,1.2207,1.2207,8
2014.12.23,15:22,1.2208,1.2208,1.2206,1.2207,10
2014.12.23,15:23,1.2206,1.2207,1.2204,1.2205,10
2014.12.23,15:24,1.2204,1.2206,1.2204,1.2205,12
2014.12.23,15:25,1.2206,1.2206,1.2205,1.2205,10
2014.12.23,15:26,1.2204,1.2205,1.2204,1.2205,4
2014.12.23,15:27,1.2206,1.2206,1.2202,1.2202,13
2014.12.23,15:28,1.2201,1.2202,1.2201,1.2201,7
2014.12.23,15:29,1.2202,1.2203,1.2201,1.2203,22
2014.12.23,15:30,1.2202,1.2203,1.2196,1.2201,63
2014.12.23,15:31,1.2202,1.2207,1.2201,1.2203,38
2014.12.23,15:32,1.2202,1.2203,1.2198,1.2198,23
2014.12.23,15:33,1.2199,1.2199,1.2192,1.2193,21
2014.12.23,15:34,1.2194,1.2194,1.2192,1.2193,20
2014.12.23,15:35,1.2192,1.2194,1.2192,1.2194,9
2014.12.23,15:36,1.2195,1.2195,1.2191,1.2192,15
2014.12.23,15:37,1.2193,1.2193,1.2184,1.2186,24
2014.12.23,15:38,1.2187,1.2188,1.2184,1.2185,29
2014.12.23,15:39,1.2184,1.2187,1.2182,1.2187,20
2014.12.23,15:40,1.2186,1.2186,1.2182,1.2184,19
2014.12.23,15:41,1.2185,1.2187,1.2185,1.2186,10
2014.12.23,15:42,1.2187,1.2191,1.2187,1.2190,8
2014.12.23,15:43,1.2191,1.2191,1.2190,1.2191,7
2014.12.23,15:44,1.2190,1.2190,1.2187,1.2187,6
2014.12.23,15:45,1.2188,1.2188,1.2188,1.2188,1
2014.12.23,15:46,1.2189,1.2190,1.2188,1.2190,6
2014.12.23,15:47,1.2189,1.2190,1.2189,1.2190,2
2014.12.23,15:48,1.2191,1.2191,1.2190,1.2190,6
2014.12.23,15:49,1.2191,1.2192,1.2189,1.2191,17
2014.12.23,15:50,1.2192,1.2192,1.2189,1.2189,6
2014.12.23,15:51,1.2190,1.2191,1.2188,1.2189,10
2014.12.23,15:52,1.2190,1.2190,1.2188,1.2189,10
2014.12.23,15:53,1.2190,1.2192,1.2190,1.2192,5
2014.12.23,15:54,1.2193,1.2193,1.2192,1.2193,5
2014.12.23,15:55,1.2194,1.2194,1.2193,1.2194,7
2014.12.23,15:56,1.2193,1.2193,1.2192,1.2192,10
2014.12.23,15:57,1.2191,1.2193,1.2190,1.2190,12
2014.12.23,15:58,1.2189,1.2192,1.2189,1.2191,9
2014.12.23,15:59,1.2190,1.2190,1.2184,1.2186,19
2014.12.23,16:00,1.2185,1.2186,1.2184,1.2186,14
2014.12.23,16:01,1.2185,1.2187,1.2183,1.2184,12
2014.12.23,16:02,1.2185,1.2185,1.2183,1.2185,9
2014.12.23,16:03,1.2184,1.2184,1.2183,1.2183,2
2014.12.23,16:04,1.2184,1.2184,1.2182,1.2182,7
2014.12.23,16:05,1.2183,1.2183,1.2181,1.2182,12
2014.12.23,16:06,1.2181,1.2181,1.2179,1.2179,21
2014.12.23,16:07,1.2180,1.2181,1.2179,1.2179,8
2014.12.23,16:08,1.2180,1.2181,1.2179,1.2180,13
2014.12.23,16:09,1.2181,1.2182,1.2180,1.2181,9
2014.12.23,16:10,1.2182,1.2182,1.2181,1.2181,2
2014.12.23,16:11,1.2180,1.2181,1.2180,1.2180,7
2014.12.23,16:12,1.2181,1.2181,1.2179,1.2180,6
2014.12.23,16:13,1.2179,1.2184,1.2179,1.2183,17
2014.12.23,16:14,1.2184,1.2187,1.2184,1.2186,11
2014.12.23,16:15,1.2185,1.2186,1.2184,1.2186,19
2014.12.23,16:16,1.2185,1.2186,1.2185,1.2186,10
2014.12.23,16:17,1.2187,1.2187,1.2183,1.2183,8
2014.12.23,16:18,1.2184,1.2184,1.2183,1.2184,13
2014.12.23,16:19,1.2183,1.2183,1.2181,1.2181,7
2014.12.23,16:20,1.2182,1.2182,1.2180,1.2182,5
2014.12.23,16:21,1.2183,1.2184,1.2183,1.2183,7
2014.12.23,16:22,1.2182,1.2184,1.2182,1.2184,9
2014.12.23,16:23,1.2183,1.2184,1.2183,1.2183,5
2014.12.23,16:24,1.2184,1.2184,1.2183,1.2184,7
2014.12.23,16:25,1.2183,1.2184,1.2181,1.2181,5
2014.12.23,16:26,1.2182,1.2182,1.2180,1.2181,8
2014.12.23,16:27,1.2182,1.2182,1.2182,1.2182,1
2014.12.23,16:28,1.2183,1.2183,1.2182,1.2182,8
2014.12.23,16:29,1.2183,1.2183,1.2182,1.2183,3
2014.12.23,16:30,1.2184,1.2184,1.2182,1.2183,10
2014.12.23,16:31,1.2184,1.2184,1.2183,1.2184,17
2014.12.23,16:32,1.2183,1.2183,1.2182,1.2182,8
2014.12.23,16:33,1.2183,1.2184,1.2182,1.2183,15
2014.12.23,16:34,1.2184,1.2185,1.2183,1.2185,4
2014.12.23,16:35,1.2186,1.2187,1.2185,1.2186,9
2014.12.23,16:36,1.2187,1.2187,1.2186,1.2187,9
2014.12.23,16:37,1.2186,1.2187,1.2185,1.2185,8
2014.12.23,16:38,1.2186,1.2186,1.2183,1.2183,16
2014.12.23,16:39,1.2184,1.2185,1.2183,1.2184,5
2014.12.23,16:40,1.2183,1.2184,1.2182,1.2184,10
2014.12.23,16:41,1.2183,1.2184,1.2182,1.2183,23
2014.12.23,16:42,1.2184,1.2184,1.2183,1.2183,8
2014.12.23,16:43,1.2184,1.2184,1.2183,1.2184,5
2014.12.23,16:44,1.2183,1.2184,1.2182,1.2182,6
2014.12.23,16:45,1.2181,1.2182,1.2181,1.2182,12
2014.12.23,16:46,1.2183,1.2183,1.2179,1.2180,6
2014.12.23,16:47,1.2181,1.2182,1.2180,1.2181,7
2014.12.23,16:48,1.2180,1.2181,1.2180,1.2181,4
2014.12.23,16:49,1.2180,1.2181,1.2179,1.2179,4
2014.12.23,16:50,1.2178,1.2178,1.2168,1.2172,28
2014.12.23,16:51,1.2171,1.2173,1.2169,1.2171,19
2014.12.23,16:52,1.2172,1.2173,1.2171,1.2172,9
2014.12.23,16:53,1.2173,1.2173,1.2171,1.2171,3
2014.12.23,16:54,1.2172,1.2172,1.2171,1.2172,3
2014.12.23,16:55,1.2171,1.2173,1.2171,1.2173,5
2014.12.23,16:56,1.2174,1.2174,1.2172,1.2172,5
2014.12.23,16:57,1.2173,1.2173,1.2172,1.2172,12
2014.12.23,16:58,1.2171,1.2171,1.2168,1.2168,10
2014.12.23,16:59,1.2169,1.2169,1.2167,1.2167,3
2014.12.23,17:00,1.2168,1.2173,1.2167,1.2172,15
2014.12.23,17:01,1.2171,1.2171,1.2167,1.2168,12
2014.12.23,17:02,1.2169,1.2169,1.2164,1.2165,17
2014.12.23,17:03,1.2164,1.2167,1.2164,1.2167,14
2014.12.23,17:04,1.2166,1.2170,1.2166,1.2168,15
2014.12.23,17:05,1.2167,1.2169,1.2167,1.2169,21
2014.12.23,17:06,1.2170,1.2170,1.2169,1.2170,3
2014.12.23,17:07,1.2171,1.2173,1.2171,1.2173,5
2014.12.23,17:08,1.2172,1.2174,1.2172,1.2173,14
2014.12.23,17:09,1.2174,1.2175,1.2173,1.2174,9
2014.12.23,17:10,1.2175,1.2175,1.2173,1.2173,5
2014.12.23,17:11,1.2174,1.2175,1.2173,1.2174,9
2014.12.23,17:13,1.2173,1.2175,1.2173,1.2175,5
2014.12.23,17:14,1.2176,1.2176,1.2175,1.2175,2
2014.12.23,17:15,1.2176,1.2176,1.2175,1.2175,4
2014.12.23,17:16,1.2176,1.2176,1.2175,1.2175,6
2014.12.23,17:17,1.2176,1.2177,1.2175,1.2176,9
2014.12.23,17:18,1.2175,1.2176,1.2174,1.2175,11
2014.12.23,17:19,1.2176,1.2176,1.2176,1.2176,1
2014.12.23,17:20,1.2175,1.2181,1.2175,1.2181,19
2014.12.23,17:21,1.2182,1.2182,1.2181,1.2182,13
2014.12.23,17:22,1.2183,1.2183,1.2182,1.2183,9
2014.12.23,17:23,1.2184,1.2189,1.2184,1.2186,16
2014.12.23,17:24,1.2187,1.2188,1.2185,1.2186,10
2014.12.23,17:25,1.2187,1.2187,1.2185,1.2185,9
2014.12.23,17:26,1.2186,1.2186,1.2185,1.2185,8
2014.12.23,17:27,1.2184,1.2185,1.2184,1.2185,10
2014.12.23,17:28,1.2186,1.2186,1.2185,1.2185,6
2014.12.23,17:29,1.2186,1.2187,1.2185,1.2186,5
2014.12.23,17:30,1.2187,1.2187,1.2185,1.2185,3
2014.12.23,17:31,1.2184,1.2185,1.2182,1.2184,7
2014.12.23,17:32,1.2185,1.2186,1.2185,1.2186,6
2014.12.23,17:33,1.2185,1.2186,1.2184,1.2185,7
2014.12.23,17:34,1.2184,1.2184,1.2183,1.2183,4
2014.12.23,17:35,1.2184,1.2184,1.2181,1.2182,5
2014.12.23,17:36,1.2181,1.2183,1.2181,1.2183,13
2014.12.23,17:37,1.2184,1.2184,1.2184,1.2184,1
2014.12.23,17:38,1.2183,1.2184,1.2183,1.2183,5
2014.12.23,17:39,1.2184,1.2185,1.2184,1.2185,2
2014.12.23,17:40,1.2186,1.2186,1.2184,1.2184,3
2014.12.23,17:41,1.2183,1.2184,1.2183,1.2184,4
2014.12.23,17:42,1.2183,1.2184,1.2183,1.2183,11
2014.12.23,17:43,1.2184,1.2187,1.2184,1.2186,9
2014.12.23,17:44,1.2185,1.2185,1.2185,1.2185,1
2014.12.23,17:45,1.2186,1.2189,1.2185,1.2188,7
2014.12.23,17:46,1.2187,1.2187,1.2186,1.2187,11
2014.12.23,17:47,1.2186,1.2187,1.2186,1.2187,2
2014.12.23,17:48,1.2186,1.2187,1.2186,1.2187,2
2014.12.23,17:49,1.2188,1.2189,1.2187,1.2189,8
2014.12.23,17:51,1.2188,1.2189,1.2188,1.2188,13
2014.12.23,17:52,1.2187,1.2187,1.2186,1.2187,3
2014.12.23,17:53,1.2186,1.2187,1.2183,1.2183,8
2014.12.23,17:54,1.2182,1.2183,1.2180,1.2181,16
2014.12.23,17:55,1.2180,1.2181,1.2178,1.2178,25
2014.12.23,17:56,1.2179,1.2180,1.2178,1.2179,13
2014.12.23,17:57,1.2180,1.2182,1.2179,1.2182,9
2014.12.23,17:58,1.2183,1.2183,1.2181,1.2181,5
2014.12.23,17:59,1.2180,1.2181,1.2174,1.2175,24
2014.12.23,18:00,1.2174,1.2177,1.2174,1.2176,15
2014.12.23,18:01,1.2175,1.2177,1.2175,1.2177,11
2014.12.23,18:02,1.2178,1.2181,1.2177,1.2177,14
2014.12.23,18:03,1.2176,1.2176,1.2175,1.2176,13
2014.12.23,18:04,1.2177,1.2177,1.2174,1.2175,7
2014.12.23,18:05,1.2174,1.2174,1.2174,1.2174,1
2014.12.23,18:06,1.2175,1.2177,1.2175,1.2176,10
2014.12.23,18:07,1.2175,1.2175,1.2174,1.2174,4
2014.12.23,18:08,1.2173,1.2174,1.2172,1.2172,6
2014.12.23,18:09,1.2171,1.2176,1.2171,1.2175,9
2014.12.23,18:10,1.2174,1.2174,1.2173,1.2173,4
2014.12.23,18:11,1.2172,1.2175,1.2171,1.2172,11
2014.12.23,18:12,1.2173,1.2174,1.2171,1.2171,9
2014.12.23,18:13,1.2172,1.2176,1.2172,1.2176,7
2014.12.23,18:14,1.2175,1.2177,1.2175,1.2177,5
2014.12.23,18:15,1.2178,1.2179,1.2176,1.2178,6
2014.12.23,18:16,1.2179,1.2179,1.2177,1.2177,3
2014.12.23,18:17,1.2176,1.2177,1.2176,1.2177,4
2014.12.23,18:18,1.2176,1.2177,1.2176,1.2176,3
2014.12.23,18:19,1.2175,1.2178,1.2173,1.2174,17
2014.12.23,18:20,1.2175,1.2178,1.2174,1.2177,7
2014.12.23,18:21,1.2178,1.2178,1.2176,1.2177,6
2014.12.23,18:22,1.2176,1.2176,1.2175,1.2176,3
2014.12.23,18:23,1.2177,1.2177,1.2176,1.2177,3
2014.12.23,18:24,1.2176,1.2177,1.2176,1.2176,3
2014.12.23,18:25,1.2177,1.2177,1.2177,1.2177,1
2014.12.23,18:26,1.2178,1.2179,1.2178,1.2178,3
2014.12.23,18:27,1.2179,1.2180,1.2179,1.2180,2
2014.12.23,18:28,1.2181,1.2181,1.2180,1.2180,4
2014.12.23,18:29,1.2179,1.2181,1.2178,1.2180,10
2014.12.23,18:30,1.2179,1.2179,1.2177,1.2177,3
2014.12.23,18:31,1.2176,1.2177,1.2176,1.2176,7
2014.12.23,18:32,1.2175,1.2176,1.2175,1.2175,11
2014.12.23,18:33,1.2176,1.2176,1.2175,1.2175,4
2014.12.23,18:34,1.2176,1.2177,1.2175,1.2176,9
2014.12.23,18:35,1.2177,1.2178,1.2177,1.2178,2
2014.12.23,18:36,1.2177,1.2177,1.2177,1.2177,1
2014.12.23,18:37,1.2178,1.2180,1.2178,1.2180,3
2014.12.23,18:38,1.2181,1.2181,1.2178,1.2179,5
2014.12.23,18:39,1.2178,1.2180,1.2178,1.2180,3
2014.12.23,18:40,1.2179,1.2180,1.2177,1.2177,9
2014.12.23,18:41,1.2176,1.2178,1.2175,1.2177,8
2014.12.23,18:42,1.2178,1.2178,1.2177,1.2178,5
2014.12.23,18:43,1.2177,1.2177,1.2176,1.2176,2
2014.12.23,18:44,1.2177,1.2178,1.2177,1.2177,7
2014.12.23,18:45,1.2176,1.2176,1.2175,1.2175,2
2014.12.23,18:46,1.2176,1.2176,1.2176,1.2176,1
2014.12.23,18:47,1.2177,1.2177,1.2176,1.2176,4
2014.12.23,18:48,1.2175,1.2175,1.2174,1.2174,2
2014.12.23,18:49,1.2175,1.2175,1.2174,1.2174,2
2014.12.23,18:50,1.2175,1.2175,1.2175,1.2175,1
2014.12.23,18:51,1.2174,1.2175,1.2174,1.2175,2
2014.12.23,18:52,1.2174,1.2174,1.2173,1.2173,4
2014.12.23,18:53,1.2174,1.2174,1.2173,1.2174,5
2014.12.23,18:54,1.2173,1.2174,1.2173,1.2174,6
2014.12.23,18:55,1.2175,1.2175,1.2175,1.2175,1
2014.12.23,18:56,1.2174,1.2174,1.2173,1.2173,2
2014.12.23,18:57,1.2174,1.2178,1.2173,1.2177,12
2014.12.23,18:58,1.2178,1.2178,1.2177,1.2178,3
2014.12.23,18:59,1.2177,1.2180,1.2177,1.2179,9
2014.12.23,19:00,1.2178,1.2181,1.2178,1.2180,5
2014.12.23,19:01,1.2178,1.2178,1.2177,1.2178,5
2014.12.23,19:03,1.2179,1.2179,1.2177,1.2177,3
2014.12.23,19:04,1.2176,1.2176,1.2175,1.2176,5
2014.12.23,19:05,1.2177,1.2177,1.2177,1.2177,1
2014.12.23,19:07,1.2178,1.2178,1.2177,1.2177,4
2014.12.23,19:08,1.2178,1.2179,1.2178,1.2179,2
2014.12.23,19:09,1.2180,1.2180,1.2179,1.2179,6
2014.12.23,19:10,1.2178,1.2178,1.2178,1.2178,1
2014.12.23,19:11,1.2177,1.2177,1.2177,1.2177,1
2014.12.23,19:12,1.2178,1.2182,1.2178,1.2182,11
2014.12.23,19:13,1.2181,1.2182,1.2180,1.2182,4
2014.12.23,19:14,1.2183,1.2183,1.2183,1.2183,1
2014.12.23,19:15,1.2184,1.2184,1.2182,1.2183,4
2014.12.23,19:16,1.2182,1.2182,1.2182,1.2182,1
2014.12.23,19:17,1.2181,1.2182,1.2181,1.2182,2
2014.12.23,19:19,1.2181,1.2181,1.2181,1.2181,1
2014.12.23,19:20,1.2182,1.2182,1.2182,1.2182,1
2014.12.23,19:21,1.2183,1.2183,1.2182,1.2182,2
2014.12.23,19:23,1.2183,1.2183,1.2183,1.2183,1
2014.12.23,19:24,1.2182,1.2182,1.2182,1.2182,1
2014.12.23,19:25,1.2181,1.2182,1.2181,1.2182,2
2014.12.23,19:26,1.2181,1.2182,1.2181,1.2181,3
2014.12.23,19:27,1.2179,1.2179,1.2179,1.2179,1
2014.12.23,19:28,1.2178,1.2179,1.2178,1.2179,8
2014.12.23,19:29,1.2178,1.2180,1.2178,1.2180,5
2014.12.23,19:30,1.2181,1.2182,1.2181,1.2181,5
2014.12.23,19:31,1.2180,1.2180,1.2180,1.2180,1
2014.12.23,19:32,1.2179,1.2179,1.2179,1.2179,1
2014.12.23,19:33,1.2178,1.2179,1.2178,1.2179,2
2014.12.23,19:34,1.2178,1.2179,1.2178,1.2179,2
2014.12.23,19:35,1.2178,1.2178,1.2178,1.2178,1
2014.12.23,19:36,1.2179,1.2180,1.2179,1.2179,5
2014.12.23,19:38,1.2180,1.2182,1.2180,1.2181,4
2014.12.23,19:39,1.2182,1.2182,1.2181,1.2182,3
2014.12.23,19:40,1.2181,1.2181,1.2180,1.2180,2
2014.12.23,19:41,1.2179,1.2181,1.2179,1.2181,5
2014.12.23,19:42,1.2182,1.2182,1.2181,1.2181,6
2014.12.23,19:43,1.2180,1.2182,1.2180,1.2182,3
2014.12.23,19:45,1.2181,1.2181,1.2180,1.2180,2
2014.12.23,19:46,1.2179,1.2179,1.2177,1.2178,6
2014.12.23,19:47,1.2179,1.2179,1.2179,1.2179,1
2014.12.23,19:48,1.2178,1.2179,1.2178,1.2178,5
2014.12.23,19:49,1.2177,1.2177,1.2177,1.2177,1
2014.12.23,19:50,1.2176,1.2177,1.2176,1.2176,5
2014.12.23,19:51,1.2177,1.2177,1.2175,1.2176,4
2014.12.23,19:52,1.2177,1.2177,1.2175,1.2175,5
2014.12.23,19:55,1.2176,1.2176,1.2175,1.2175,2
2014.12.23,19:57,1.2176,1.2176,1.2175,1.2175,2
2014.12.23,19:58,1.2174,1.2174,1.2174,1.2174,1
2014.12.23,19:59,1.2175,1.2175,1.2175,1.2175,1
2014.12.23,20:00,1.2174,1.2175,1.2174,1.2174,5
2014.12.23,20:01,1.2175,1.2175,1.2170,1.2171,7
2014.12.23,20:02,1.2172,1.2172,1.2171,1.2171,2
2014.12.23,20:03,1.2170,1.2170,1.2169,1.2170,3
2014.12.23,20:04,1.2169,1.2170,1.2169,1.2170,2
2014.12.23,20:06,1.2169,1.2169,1.2167,1.2167,5
2014.12.23,20:07,1.2168,1.2168,1.2167,1.2167,2
2014.12.23,20:08,1.2166,1.2167,1.2166,1.2167,4
2014.12.23,20:09,1.2166,1.2166,1.2166,1.2166,1
2014.12.23,20:11,1.2167,1.2167,1.2167,1.2167,1
2014.12.23,20:12,1.2168,1.2169,1.2168,1.2169,2
2014.12.23,20:13,1.2170,1.2170,1.2169,1.2170,3
2014.12.23,20:14,1.2171,1.2172,1.2170,1.2171,5
2014.12.23,20:16,1.2170,1.2171,1.2170,1.2171,8
2014.12.23,20:17,1.2172,1.2172,1.2172,1.2172,1
2014.12.23,20:18,1.2171,1.2172,1.2171,1.2172,6
2014.12.23,20:19,1.2173,1.2173,1.2172,1.2173,3
2014.12.23,20:21,1.2172,1.2172,1.2172,1.2172,1
2014.12.23,20:23,1.2171,1.2171,1.2171,1.2171,1
2014.12.23,20:24,1.2172,1.2173,1.2171,1.2171,8
2014.12.23,20:26,1.2170,1.2170,1.2170,1.2170,1
2014.12.23,20:27,1.2169,1.2169,1.2167,1.2167,3
2014.12.23,20:28,1.2168,1.2168,1.2167,1.2168,11
2014.12.23,20:29,1.2169,1.2171,1.2168,1.2170,6
2014.12.23,20:30,1.2171,1.2171,1.2171,1.2171,1
2014.12.23,20:31,1.2172,1.2172,1.2171,1.2172,3
2014.12.23,20:32,1.2173,1.2174,1.2172,1.2173,5
2014.12.23,20:33,1.2174,1.2175,1.2174,1.2175,4
2014.12.23,20:35,1.2174,1.2175,1.2174,1.2175,2
2014.12.23,20:36,1.2174,1.2175,1.2174,1.2174,3
2014.12.23,20:37,1.2175,1.2175,1.2174,1.2175,3
2014.12.23,20:38,1.2174,1.2175,1.2174,1.2175,6
2014.12.23,20:39,1.2174,1.2175,1.2174,1.2175,4
2014.12.23,20:41,1.2174,1.2176,1.2174,1.2175,4
2014.12.23,20:42,1.2174,1.2174,1.2173,1.2173,6
2014.12.23,20:43,1.2174,1.2174,1.2173,1.2173,8
2014.12.23,20:44,1.2174,1.2175,1.2174,1.2175,2
2014.12.23,20:47,1.2174,1.2174,1.2174,1.2174,1
2014.12.23,20:48,1.2175,1.2175,1.2173,1.2173,5
2014.12.23,20:49,1.2174,1.2174,1.2172,1.2174,11
2014.12.23,20:50,1.2173,1.2174,1.2173,1.2174,6
2014.12.23,20:51,1.2173,1.2173,1.2173,1.2173,1
2014.12.23,20:54,1.2172,1.2173,1.2172,1.2173,2
2014.12.23,20:56,1.2174,1.2174,1.2174,1.2174,1
2014.12.23,20:57,1.2175,1.2175,1.2175,1.2175,1
2014.12.23,20:58,1.2176,1.2176,1.2175,1.2175,2
2014.12.23,20:59,1.2174,1.2174,1.2174,1.2174,1
2014.12.23,21:02,1.2173,1.2173,1.2173,1.2173,1
2014.12.23,21:05,1.2172,1.2172,1.2172,1.2172,1
2014.12.23,21:08,1.2173,1.2174,1.2173,1.2174,2
2014.12.23,21:10,1.2173,1.2174,1.2172,1.2173,5
2014.12.23,21:11,1.2172,1.2172,1.2171,1.2171,2
2014.12.23,21:12,1.2172,1.2172,1.2172,1.2172,1
2014.12.23,21:13,1.2171,1.2172,1.2171,1.2172,2
2014.12.23,21:14,1.2173,1.2173,1.2172,1.2172,4
2014.12.23,21:16,1.2173,1.2173,1.2172,1.2173,3
2014.12.23,21:17,1.2172,1.2173,1.2172,1.2173,2
2014.12.23,21:18,1.2172,1.2173,1.2172,1.2172,5
2014.12.23,21:19,1.2171,1.2172,1.2170,1.2170,4
2014.12.23,21:21,1.2171,1.2171,1.2170,1.2170,2
2014.12.23,21:22,1.2171,1.2171,1.2171,1.2171,1
2014.12.23,21:23,1.2170,1.2173,1.2170,1.2173,4
2014.12.23,21:24,1.2172,1.2172,1.2172,1.2172,1
2014.12.23,21:26,1.2171,1.2172,1.2171,1.2172,2
2014.12.23,21:27,1.2171,1.2171,1.2171,1.2171,1
2014.12.23,21:28,1.2170,1.2171,1.2170,1.2170,5
2014.12.23,21:29,1.2171,1.2171,1.2170,1.2170,10
2014.12.23,21:30,1.2171,1.2171,1.2170,1.2170,4
2014.12.23,21:31,1.2169,1.2170,1.2169,1.2170,20
2014.12.23,21:32,1.2169,1.2170,1.2169,1.2169,7
2014.12.23,21:36,1.2170,1.2170,1.2169,1.2170,3
2014.12.23,21:40,1.2171,1.2171,1.2171,1.2171,1
2014.12.23,21:41,1.2170,1.2171,1.2170,1.2171,6
2014.12.23,21:43,1.2170,1.2171,1.2170,1.2171,2
2014.12.23,21:46,1.2172,1.2172,1.2172,1.2172,1
2014.12.23,21:47,1.2173,1.2174,1.2173,1.2174,4
2014.12.23,21:51,1.2175,1.2175,1.2174,1.2174,2
2014.12.23,21:52,1.2175,1.2175,1.2174,1.2175,7
2014.12.23,21:53,1.2176,1.2176,1.2174,1.2174,3
2014.12.23,21:54,1.2173,1.2174,1.2173,1.2173,7
2014.12.23,21:55,1.2174,1.2175,1.2174,1.2175,6
2014.12.23,21:56,1.2174,1.2175,1.2174,1.2175,8
2014.12.23,21:58,1.2174,1.2174,1.2174,1.2174,1
2014.12.23,21:59,1.2175,1.2177,1.2174,1.2177,9
2014.12.23,22:00,1.2176,1.2177,1.2176,1.2177,4
2014.12.23,22:01,1.2176,1.2177,1.2176,1.2177,4
2014.12.23,22:02,1.2176,1.2177,1.2176,1.2176,3
2014.12.23,22:06,1.2175,1.2176,1.2175,1.2175,5
2014.12.23,22:07,1.2174,1.2174,1.2174,1.2174,1
2014.12.23,22:08,1.2175,1.2175,1.2174,1.2174,6
2014.12.23,22:09,1.2175,1.2175,1.2175,1.2175,1
2014.12.23,22:10,1.2174,1.2175,1.2174,1.2174,3
2014.12.23,22:14,1.2173,1.2174,1.2173,1.2174,4
2014.12.23,22:15,1.2173,1.2173,1.2173,1.2173,1
2014.12.23,22:16,1.2174,1.2174,1.2174,1.2174,1
2014.12.23,22:21,1.2173,1.2174,1.2173,1.2174,2
2014.12.23,22:22,1.2173,1.2174,1.2173,1.2173,5
2014.12.23,22:23,1.2174,1.2174,1.2173,1.2174,3
2014.12.23,22:29,1.2173,1.2173,1.2173,1.2173,1
2014.12.23,22:30,1.2174,1.2174,1.2174,1.2174,1
2014.12.23,22:31,1.2173,1.2175,1.2173,1.2174,6
2014.12.23,22:33,1.2175,1.2175,1.2175,1.2175,1
2014.12.23,22:35,1.2174,1.2174,1.2174,1.2174,1
2014.12.23,22:36,1.2173,1.2174,1.2173,1.2174,4
2014.12.23,22:37,1.2175,1.2175,1.2173,1.2174,4
2014.12.23,22:38,1.2173,1.2173,1.2173,1.2173,1
2014.12.23,22:41,1.2172,1.2172,1.2172,1.2172,1
2014.12.23,22:42,1.2171,1.2172,1.2171,1.2172,6
2014.12.23,22:45,1.2171,1.2172,1.2171,1.2172,2
2014.12.23,22:46,1.2171,1.2171,1.2171,1.2171,1
2014.12.23,22:48,1.2170,1.2171,1.2170,1.2170,3
2014.12.23,22:49,1.2171,1.2171,1.2170,1.2171,7
2014.12.23,22:50,1.2170,1.2171,1.2169,1.2169,6
2014.12.23,22:51,1.2170,1.2170,1.2169,1.2169,6
2014.12.23,22:52,1.2170,1.2170,1.2169,1.2170,5
2014.12.23,22:53,1.2169,1.2169,1.2169,1.2169,1
2014.12.23,22:54,1.2168,1.2169,1.2168,1.2169,4
2014.12.23,22:55,1.2170,1.2170,1.2170,1.2170,1
2014.12.23,22:56,1.2171,1.2171,1.2170,1.2170,2
2014.12.23,22:58,1.2171,1.2171,1.2170,1.2171,9
2014.12.23,22:59,1.2170,1.2171,1.2170,1.2170,7
2014.12.23,23:00,1.2171,1.2171,1.2170,1.2170,4
2014.12.23,23:02,1.2169,1.2169,1.2169,1.2169,1
2014.12.23,23:03,1.2170,1.2170,1.2168,1.2169,4
2014.12.23,23:04,1.2168,1.2168,1.2167,1.2167,18
2014.12.23,23:05,1.2168,1.2168,1.2167,1.2168,3
2014.12.23,23:06,1.2169,1.2170,1.2169,1.2170,2
2014.12.23,23:12,1.2169,1.2170,1.2169,1.2170,6
2014.12.23,23:13,1.2169,1.2170,1.2169,1.2170,2
2014.12.23,23:14,1.2169,1.2170,1.2169,1.2169,5
2014.12.23,23:15,1.2170,1.2170,1.2169,1.2170,3
2014.12.23,23:16,1.2169,1.2169,1.2169,1.2169,1
2014.12.23,23:17,1.2168,1.2168,1.2168,1.2168,1
2014.12.23,23:21,1.2167,1.2168,1.2167,1.2167,7
2014.12.23,23:22,1.2168,1.2168,1.2167,1.2167,2
2014.12.23,23:23,1.2168,1.2168,1.2167,1.2168,3
2014.12.23,23:24,1.2169,1.2169,1.2169,1.2169,1
2014.12.23,23:25,1.2168,1.2169,1.2168,1.2168,3
2014.12.23,23:26,1.2169,1.2169,1.2168,1.2169,3
2014.12.23,23:27,1.2168,1.2169,1.2168,1.2168,5
2014.12.23,23:28,1.2169,1.2169,1.2168,1.2168,6
2014.12.23,23:29,1.2169,1.2170,1.2169,1.2170,2
2014.12.23,23:30,1.2169,1.2169,1.2169,1.2169,1
2014.12.23,23:32,1.2170,1.2170,1.2170,1.2170,1
2014.12.23,23:36,1.2171,1.2171,1.2170,1.2171,7
2014.12.23,23:37,1.2170,1.2172,1.2170,1.2171,12
2014.12.23,23:39,1.2170,1.2171,1.2170,1.2171,2
2014.12.23,23:42,1.2170,1.2171,1.2170,1.2171,2
2014.12.23,23:43,1.2170,1.2171,1.2170,1.2171,2
2014.12.23,23:44,1.2170,1.2170,1.2170,1.2170,1
2014.12.23,23:45,1.2171,1.2171,1.2170,1.2170,2
2014.12.23,23:48,1.2171,1.2171,1.2170,1.2171,3
2014.12.23,23:49,1.2172,1.2172,1.2171,1.2171,18
2014.12.23,23:50,1.2170,1.2171,1.2170,1.2171,2
2014.12.23,23:52,1.2172,1.2172,1.2171,1.2171,2
2014.12.23,23:53,1.2172,1.2172,1.2171,1.2172,9
2014.12.23,23:54,1.2171,1.2172,1.2171,1.2171,3
2014.12.23,23:56,1.2170,1.2171,1.2170,1.2171,2
2014.12.23,23:57,1.2170,1.2171,1.2170,1.2171,8
2014.12.24,00:00,1.2172,1.2172,1.2171,1.2171,2
2014.12.24,00:01,1.2172,1.2172,1.2171,1.2171,2
2014.12.24,00:02,1.2170,1.2171,1.2170,1.2171,4
2014.12.24,00:03,1.2170,1.2170,1.2170,1.2170,1
2014.12.24,00:05,1.2171,1.2171,1.2170,1.2171,9
2014.12.24,00:08,1.2170,1.2170,1.2170,1.2170,1
2014.12.24,00:09,1.2171,1.2171,1.2171,1.2171,1
2014.12.24,00:14,1.2172,1.2173,1.2172,1.2173,2
2014.12.24,00:15,1.2172,1.2172,1.2172,1.2172,1
2014.12.24,00:16,1.2173,1.2174,1.2172,1.2174,4
2014.12.24,00:17,1.2173,1.2174,1.2173,1.2174,4
2014.12.24,00:18,1.2173,1.2173,1.2171,1.2171,3
2014.12.24,00:19,1.2170,1.2172,1.2170,1.2171,8
2014.12.24,00:23,1.2170,1.2171,1.2170,1.2170,3
2014.12.24,00:27,1.2172,1.2173,1.2171,1.2171,4
2014.12.24,00:28,1.2172,1.2173,1.2172,1.2172,3
2014.12.24,00:29,1.2171,1.2171,1.2171,1.2171,1
2014.12.24,00:30,1.2170,1.2170,1.2169,1.2169,4
2014.12.24,00:31,1.2170,1.2170,1.2170,1.2170,1
2014.12.24,00:32,1.2169,1.2170,1.2169,1.2170,2
2014.12.24,00:33,1.2171,1.2171,1.2171,1.2171,1
2014.12.24,00:34,1.2172,1.2173,1.2172,1.2172,3
2014.12.24,00:35,1.2171,1.2171,1.2170,1.2171,3
2014.12.24,00:37,1.2170,1.2170,1.2170,1.2170,1
2014.12.24,00:38,1.2169,1.2170,1.2169,1.2170,2
2014.12.24,00:40,1.2171,1.2171,1.2170,1.2170,2
2014.12.24,00:42,1.2171,1.2171,1.2170,1.2170,4
2014.12.24,00:43,1.2171,1.2171,1.2170,1.2170,8
2014.12.24,00:46,1.2171,1.2171,1.2170,1.2171,5
2014.12.24,00:47,1.2170,1.2171,1.2170,1.2171,8
2014.12.24,00:48,1.2170,1.2171,1.2170,1.2170,15
2014.12.24,00:49,1.2171,1.2171,1.2170,1.2170,2
2014.12.24,00:50,1.2171,1.2171,1.2170,1.2171,3
2014.12.24,00:55,1.2172,1.2172,1.2171,1.2171,2
2014.12.24,01:01,1.2170,1.2170,1.2169,1.2170,3
2014.12.24,01:02,1.2169,1.2169,1.2169,1.2169,1
2014.12.24,01:03,1.2170,1.2170,1.2170,1.2170,1
2014.12.24,01:05,1.2169,1.2169,1.2169,1.2169,1
2014.12.24,01:06,1.2170,1.2170,1.2169,1.2170,3
2014.12.24,01:07,1.2169,1.2170,1.2169,1.2170,2
2014.12.24,01:08,1.2169,1.2170,1.2169,1.2170,2
2014.12.24,01:12,1.2171,1.2171,1.2170,1.2170,2
2014.12.24,01:18,1.2171,1.2171,1.2170,1.2171,3
2014.12.24,01:26,1.2172,1.2173,1.2172,1.2173,2
2014.12.24,01:27,1.2174,1.2174,1.2173,1.2173,2
2014.12.24,01:29,1.2175,1.2175,1.2174,1.2175,3
2014.12.24,01:30,1.2176,1.2176,1.2175,1.2176,3
2014.12.24,01:32,1.2177,1.2177,1.2177,1.2177,1
2014.12.24,01:33,1.2176,1.2176,1.2175,1.2176,3
2014.12.24,01:34,1.2175,1.2175,1.2175,1.2175,1
2014.12.24,01:35,1.2174,1.2174,1.2174,1.2174,1
2014.12.24,01:36,1.2173,1.2174,1.2172,1.2172,12
2014.12.24,01:37,1.2173,1.2173,1.2172,1.2173,3
2014.12.24,01:38,1.2172,1.2172,1.2172,1.2172,1
2014.12.24,01:39,1.2173,1.2173,1.2173,1.2173,1
2014.12.24,01:43,1.2174,1.2174,1.2173,1.2174,9
2014.12.24,01:44,1.2173,1.2175,1.2173,1.2175,3
2014.12.24,01:45,1.2176,1.2176,1.2175,1.2176,3
2014.12.24,01:46,1.2175,1.2175,1.2175,1.2175,1
2014.12.24,01:47,1.2176,1.2176,1.2176,1.2176,1
2014.12.24,01:49,1.2177,1.2177,1.2176,1.2176,2
2014.12.24,01:52,1.2175,1.2175,1.2173,1.2173,5
2014.12.24,01:53,1.2172,1.2172,1.2172,1.2172,1
2014.12.24,01:54,1.2173,1.2173,1.2172,1.2173,5
2014.12.24,01:55,1.2172,1.2173,1.2172,1.2172,3
2014.12.24,01:56,1.2173,1.2173,1.2173,1.2173,1
2014.12.24,01:59,1.2174,1.2175,1.2174,1.2174,5
2014.12.24,02:00,1.2175,1.2175,1.2174,1.2174,2
2014.12.24,02:01,1.2175,1.2176,1.2175,1.2176,2
2014.12.24,02:04,1.2177,1.2177,1.2176,1.2177,25
2014.12.24,02:11,1.2178,1.2178,1.2177,1.2178,13
2014.12.24,02:12,1.2177,1.2178,1.2177,1.2178,2
2014.12.24,02:13,1.2179,1.2179,1.2178,1.2178,8
2014.12.24,02:14,1.2179,1.2179,1.2178,1.2179,11
2014.12.24,02:15,1.2178,1.2179,1.2178,1.2178,3
2014.12.24,02:16,1.2177,1.2177,1.2177,1.2177,1
2014.12.24,02:19,1.2178,1.2178,1.2178,1.2178,1
2014.12.24,02:20,1.2177,1.2179,1.2177,1.2179,5
2014.12.24,02:21,1.2178,1.2180,1.2178,1.2180,9
2014.12.24,02:24,1.2179,1.2179,1.2178,1.2178,2
2014.12.24,02:25,1.2177,1.2177,1.2176,1.2177,3
2014.12.24,02:26,1.2178,1.2179,1.2178,1.2178,7
2014.12.24,02:27,1.2179,1.2179,1.2178,1.2179,5
2014.12.24,02:28,1.2178,1.2179,1.2178,1.2179,2
2014.12.24,02:32,1.2178,1.2179,1.2178,1.2179,4
2014.12.24,02:35,1.2178,1.2179,1.2178,1.2179,2
2014.12.24,02:36,1.2178,1.2179,1.2178,1.2179,4
2014.12.24,02:37,1.2178,1.2179,1.2178,1.2179,2
2014.12.24,02:38,1.2178,1.2179,1.2178,1.2179,2
2014.12.24,02:39,1.2178,1.2179,1.2178,1.2179,4
2014.12.24,02:40,1.2180,1.2180,1.2180,1.2180,1
2014.12.24,02:42,1.2179,1.2180,1.2178,1.2180,4
2014.12.24,02:43,1.2179,1.2180,1.2179,1.2180,2
2014.12.24,02:44,1.2179,1.2182,1.2179,1.2182,8
2014.12.24,02:45,1.2183,1.2183,1.2183,1.2183,1
2014.12.24,02:47,1.2184,1.2184,1.2183,1.2183,2
2014.12.24,02:48,1.2184,1.2184,1.2183,1.2184,9
2014.12.24,02:49,1.2183,1.2184,1.2183,1.2183,7
2014.12.24,02:52,1.2182,1.2182,1.2182,1.2182,1
2014.12.24,02:53,1.2183,1.2183,1.2182,1.2183,5
2014.12.24,02:54,1.2182,1.2183,1.2181,1.2181,8
2014.12.24,02:55,1.2183,1.2185,1.2183,1.2185,9
2014.12.24,02:56,1.2186,1.2187,1.2185,1.2186,13
2014.12.24,02:57,1.2187,1.2187,1.2185,1.2186,12
2014.12.24,02:58,1.2185,1.2187,1.2185,1.2187,3
2014.12.24,02:59,1.2186,1.2188,1.2186,1.2186,7
2014.12.24,03:00,1.2185,1.2187,1.2185,1.2187,9
2014.12.24,03:01,1.2186,1.2186,1.2186,1.2186,1
2014.12.24,03:02,1.2185,1.2186,1.2185,1.2186,2
2014.12.24,03:03,1.2185,1.2186,1.2185,1.2185,3
2014.12.24,03:04,1.2186,1.2186,1.2185,1.2185,2
2014.12.24,03:05,1.2184,1.2185,1.2184,1.2184,7
2014.12.24,03:06,1.2185,1.2185,1.2183,1.2184,14
2014.12.24,03:07,1.2185,1.2185,1.2184,1.2185,17
2014.12.24,03:08,1.2184,1.2184,1.2184,1.2184,1
2014.12.24,03:09,1.2183,1.2184,1.2183,1.2183,7
2014.12.24,03:15,1.2184,1.2184,1.2184,1.2184,1
2014.12.24,03:17,1.2185,1.2185,1.2185,1.2185,1
2014.12.24,03:19,1.2184,1.2184,1.2184,1.2184,1
2014.12.24,03:22,1.2183,1.2184,1.2183,1.2184,2
2014.12.24,03:23,1.2183,1.2184,1.2183,1.2183,3
2014.12.24,03:25,1.2184,1.2184,1.2183,1.2184,3
2014.12.24,03:27,1.2185,1.2185,1.2184,1.2184,4
2014.12.24,03:31,1.2185,1.2185,1.2185,1.2185,1
2014.12.24,03:32,1.2184,1.2185,1.2184,1.2184,3
2014.12.24,03:33,1.2183,1.2184,1.2182,1.2182,6
2014.12.24,03:34,1.2181,1.2182,1.2181,1.2181,3
2014.12.24,03:35,1.2182,1.2182,1.2180,1.2181,4
2014.12.24,03:36,1.2182,1.2182,1.2182,1.2182,1
2014.12.24,03:37,1.2183,1.2183,1.2182,1.2182,4
2014.12.24,03:43,1.2181,1.2181,1.2180,1.2181,3
2014.12.24,03:45,1.2182,1.2182,1.2182,1.2182,1
2014.12.24,03:47,1.2183,1.2183,1.2182,1.2182,2
2014.12.24,03:49,1.2181,1.2181,1.2180,1.2180,2
2014.12.24,03:50,1.2181,1.2182,1.2181,1.2181,5
2014.12.24,03:51,1.2180,1.2181,1.2180,1.2181,2
2014.12.24,03:53,1.2180,1.2181,1.2180,1.2180,15
2014.12.24,03:54,1.2179,1.2180,1.2179,1.2180,2
2014.12.24,03:56,1.2181,1.2181,1.2181,1.2181,1
2014.12.24,03:57,1.2180,1.2180,1.2180,1.2180,1
2014.12.24,03:58,1.2179,1.2179,1.2178,1.2178,8
2014.12.24,04:00,1.2179,1.2179,1.2178,1.2178,6
2014.12.24,04:01,1.2179,1.2179,1.2178,1.2178,4
2014.12.24,04:02,1.2177,1.2178,1.2177,1.2178,6
2014.12.24,04:04,1.2179,1.2179,1.2178,1.2178,14
2014.12.24,04:08,1.2177,1.2178,1.2177,1.2178,4
2014.12.24,04:09,1.2177,1.2178,1.2177,1.2178,2
2014.12.24,04:10,1.2177,1.2178,1.2177,1.2178,16
2014.12.24,04:11,1.2177,1.2178,1.2177,1.2177,13
2014.12.24,04:12,1.2178,1.2178,1.2177,1.2177,6
2014.12.24,04:13,1.2178,1.2178,1.2177,1.2177,4
2014.12.24,04:15,1.2176,1.2177,1.2174,1.2174,7
2014.12.24,04:19,1.2173,1.2174,1.2173,1.2174,2
2014.12.24,04:20,1.2173,1.2174,1.2173,1.2173,3
2014.12.24,04:22,1.2174,1.2174,1.2173,1.2174,13
2014.12.24,04:23,1.2173,1.2175,1.2173,1.2174,8
2014.12.24,04:29,1.2173,1.2173,1.2173,1.2173,1
2014.12.24,04:34,1.2172,1.2173,1.2172,1.2172,5
2014.12.24,04:35,1.2173,1.2173,1.2172,1.2172,12
2014.12.24,04:39,1.2171,1.2171,1.2170,1.2171,3
2014.12.24,04:41,1.2170,1.2170,1.2170,1.2170,1
2014.12.24,04:42,1.2171,1.2171,1.2170,1.2170,16
2014.12.24,04:43,1.2171,1.2171,1.2170,1.2171,3
2014.12.24,04:44,1.2170,1.2171,1.2170,1.2170,7
2014.12.24,04:45,1.2171,1.2171,1.2170,1.2170,4
2014.12.24,04:47,1.2171,1.2171,1.2171,1.2171,1
2014.12.24,04:48,1.2170,1.2171,1.2170,1.2170,11
2014.12.24,04:50,1.2169,1.2170,1.2169,1.2169,7
2014.12.24,04:52,1.2170,1.2170,1.2169,1.2170,3
2014.12.24,04:53,1.2171,1.2171,1.2170,1.2171,3
2014.12.24,04:55,1.2170,1.2171,1.2170,1.2170,3
2014.12.24,04:56,1.2171,1.2171,1.2171,1.2171,1
2014.12.24,04:57,1.2170,1.2171,1.2170,1.2170,3
2014.12.24,04:59,1.2169,1.2169,1.2169,1.2169,1
2014.12.24,05:01,1.2170,1.2170,1.2169,1.2169,2
2014.12.24,05:02,1.2170,1.2171,1.2169,1.2171,8
2014.12.24,05:03,1.2170,1.2171,1.2170,1.2171,4
2014.12.24,05:04,1.2172,1.2172,1.2172,1.2172,1
2014.12.24,05:06,1.2173,1.2173,1.2173,1.2173,1
2014.12.24,05:09,1.2172,1.2172,1.2172,1.2172,1
2014.12.24,05:10,1.2171,1.2172,1.2171,1.2172,2
2014.12.24,05:13,1.2171,1.2172,1.2171,1.2172,6
2014.12.24,05:15,1.2173,1.2173,1.2172,1.2172,2
2014.12.24,05:16,1.2173,1.2173,1.2173,1.2173,1
2014.12.24,05:18,1.2174,1.2174,1.2173,1.2173,2
2014.12.24,05:19,1.2174,1.2175,1.2173,1.2175,10
2014.12.24,05:20,1.2174,1.2175,1.2174,1.2174,3
2014.12.24,05:21,1.2175,1.2175,1.2175,1.2175,1
2014.12.24,05:22,1.2174,1.2176,1.2174,1.2176,3
2014.12.24,05:27,1.2177,1.2177,1.2176,1.2176,6
2014.12.24,05:28,1.2177,1.2177,1.2176,1.2177,3
2014.12.24,05:31,1.2176,1.2177,1.2176,1.2177,4
2014.12.24,05:34,1.2176,1.2177,1.2176,1.2177,2
2014.12.24,05:37,1.2176,1.2177,1.2176,1.2177,4
2014.12.24,05:38,1.2176,1.2176,1.2176,1.2176,1
2014.12.24,05:40,1.2175,1.2176,1.2175,1.2176,2
2014.12.24,05:42,1.2175,1.2176,1.2175,1.2176,2
2014.12.24,05:45,1.2177,1.2177,1.2176,1.2177,5
2014.12.24,05:46,1.2176,1.2177,1.2176,1.2176,3
2014.12.24,05:47,1.2177,1.2177,1.2176,1.2176,2
2014.12.24,05:48,1.2177,1.2177,1.2177,1.2177,1
2014.12.24,05:49,1.2176,1.2177,1.2176,1.2176,3
2014.12.24,05:50,1.2177,1.2177,1.2176,1.2176,2
2014.12.24,05:53,1.2175,1.2176,1.2175,1.2176,2
2014.12.24,05:54,1.2175,1.2176,1.2175,1.2176,8
2014.12.24,05:56,1.2175,1.2176,1.2175,1.2176,2
2014.12.24,05:57,1.2175,1.2176,1.2175,1.2175,3
2014.12.24,05:58,1.2174,1.2174,1.2174,1.2174,1
2014.12.24,05:59,1.2175,1.2175,1.2175,1.2175,1
2014.12.24,06:03,1.2174,1.2175,1.2174,1.2174,3
2014.12.24,06:04,1.2175,1.2175,1.2175,1.2175,1
2014.12.24,06:05,1.2174,1.2175,1.2174,1.2175,2
2014.12.24,06:14,1.2174,1.2174,1.2174,1.2174,1
2014.12.24,06:15,1.2175,1.2175,1.2174,1.2175,3
2014.12.24,06:16,1.2174,1.2174,1.2174,1.2174,1
2014.12.24,06:17,1.2175,1.2175,1.2175,1.2175,1
2014.12.24,06:20,1.2174,1.2175,1.2174,1.2174,3
2014.12.24,06:29,1.2175,1.2175,1.2175,1.2175,1
2014.12.24,06:31,1.2176,1.2176,1.2176,1.2176,1
2014.12.24,06:32,1.2177,1.2177,1.2177,1.2177,1
2014.12.24,06:35,1.2178,1.2178,1.2178,1.2178,1
2014.12.24,06:36,1.2177,1.2178,1.2177,1.2178,6
2014.12.24,06:37,1.2179,1.2180,1.2179,1.2180,4
2014.12.24,06:38,1.2181,1.2181,1.2179,1.2180,6
2014.12.24,06:39,1.2179,1.2179,1.2177,1.2177,3
2014.12.24,06:40,1.2178,1.2178,1.2175,1.2175,8
2014.12.24,06:41,1.2176,1.2176,1.2175,1.2175,4
2014.12.24,06:48,1.2176,1.2176,1.2175,1.2175,2
2014.12.24,06:54,1.2176,1.2176,1.2175,1.2175,10
2014.12.24,06:56,1.2174,1.2174,1.2172,1.2173,4
2014.12.24,06:57,1.2174,1.2175,1.2174,1.2175,10
2014.12.24,06:59,1.2176,1.2177,1.2172,1.2172,11
2014.12.24,07:00,1.2171,1.2172,1.2171,1.2172,4
2014.12.24,07:01,1.2173,1.2174,1.2173,1.2174,2
2014.12.24,07:02,1.2175,1.2175,1.2175,1.2175,1
2014.12.24,07:03,1.2176,1.2176,1.2176,1.2176,1
2014.12.24,07:05,1.2177,1.2179,1.2177,1.2179,5
2014.12.24,07:06,1.2178,1.2178,1.2178,1.2178,1
2014.12.24,07:07,1.2177,1.2177,1.2177,1.2177,1
2014.12.24,07:11,1.2178,1.2178,1.2177,1.2177,2
2014.12.24,07:13,1.2178,1.2178,1.2178,1.2178,1
2014.12.24,07:21,1.2177,1.2178,1.2177,1.2177,3
2014.12.24,07:22,1.2178,1.2178,1.2177,1.2177,4
2014.12.24,07:26,1.2178,1.2178,1.2178,1.2178,1
2014.12.24,07:27,1.2179,1.2179,1.2178,1.2178,4
2014.12.24,07:28,1.2179,1.2179,1.2178,1.2179,3
2014.12.24,07:30,1.2180,1.2180,1.2180,1.2180,1
2014.12.24,07:31,1.2179,1.2180,1.2179,1.2179,5
2014.12.24,07:34,1.2178,1.2179,1.2178,1.2179,2
2014.12.24,07:37,1.2178,1.2179,1.2177,1.2177,4
2014.12.24,07:41,1.2178,1.2178,1.2177,1.2177,2
2014.12.24,07:45,1.2178,1.2178,1.2178,1.2178,1
2014.12.24,07:47,1.2179,1.2179,1.2179,1.2179,1
2014.12.24,07:48,1.2180,1.2180,1.2179,1.2179,2
2014.12.24,07:53,1.2180,1.2180,1.2179,1.2179,2
2014.12.24,07:54,1.2178,1.2179,1.2178,1.2179,4
2014.12.24,07:57,1.2178,1.2179,1.2178,1.2178,5
2014.12.24,08:01,1.2179,1.2179,1.2178,1.2179,3
2014.12.24,08:02,1.2178,1.2179,1.2178,1.2179,4
2014.12.24,08:05,1.2178,1.2178,1.2178,1.2178,1
2014.12.24,08:06,1.2179,1.2179,1.2179,1.2179,1
2014.12.24,08:08,1.2178,1.2179,1.2178,1.2178,3
2014.12.24,08:09,1.2179,1.2179,1.2178,1.2178,2
2014.12.24,08:13,1.2179,1.2179,1.2178,1.2178,2
2014.12.24,08:17,1.2177,1.2177,1.2177,1.2177,1
2014.12.24,08:20,1.2176,1.2176,1.2176,1.2176,1
2014.12.24,08:24,1.2175,1.2176,1.2174,1.2175,5
2014.12.24,08:25,1.2174,1.2174,1.2174,1.2174,1
2014.12.24,08:27,1.2175,1.2177,1.2175,1.2177,3
2014.12.24,08:28,1.2176,1.2176,1.2174,1.2175,12
2014.12.24,08:29,1.2174,1.2175,1.2173,1.2173,10
2014.12.24,08:30,1.2174,1.2174,1.2173,1.2173,2
2014.12.24,08:31,1.2172,1.2174,1.2172,1.2173,4
2014.12.24,08:32,1.2174,1.2174,1.2173,1.2173,4
2014.12.24,08:33,1.2172,1.2173,1.2172,1.2172,5
2014.12.24,08:34,1.2173,1.2173,1.2172,1.2172,4
2014.12.24,08:35,1.2173,1.2173,1.2173,1.2173,1
2014.12.24,08:38,1.2172,1.2173,1.2172,1.2173,4
2014.12.24,08:39,1.2172,1.2173,1.2171,1.2172,7
2014.12.24,08:40,1.2173,1.2173,1.2172,1.2173,3
2014.12.24,08:42,1.2174,1.2174,1.2174,1.2174,1
2014.12.24,08:48,1.2173,1.2174,1.2173,1.2173,3
2014.12.24,08:51,1.2174,1.2174,1.2174,1.2174,1
2014.12.24,08:53,1.2175,1.2175,1.2174,1.2174,2
2014.12.24,08:55,1.2175,1.2175,1.2175,1.2175,1
2014.12.24,09:00,1.2176,1.2180,1.2176,1.2180,7
2014.12.24,09:02,1.2179,1.2179,1.2178,1.2178,2
2014.12.24,09:05,1.2179,1.2179,1.2178,1.2178,6
2014.12.24,09:06,1.2177,1.2177,1.2177,1.2177,1
2014.12.24,09:08,1.2176,1.2176,1.2176,1.2176,1
2014.12.24,09:10,1.2177,1.2177,1.2177,1.2177,1
2014.12.24,09:11,1.2176,1.2177,1.2176,1.2177,2
2014.12.24,09:15,1.2178,1.2178,1.2178,1.2178,1
2014.12.24,09:16,1.2179,1.2179,1.2178,1.2178,2
2014.12.24,09:17,1.2179,1.2179,1.2179,1.2179,1
2014.12.24,09:18,1.2180,1.2181,1.2180,1.2181,2
2014.12.24,09:19,1.2180,1.2180,1.2180,1.2180,1
2014.12.24,09:21,1.2179,1.2181,1.2179,1.2181,7
2014.12.24,09:22,1.2182,1.2182,1.2182,1.2182,1
2014.12.24,09:23,1.2183,1.2183,1.2183,1.2183,1
2014.12.24,09:24,1.2182,1.2183,1.2182,1.2183,2
2014.12.24,09:25,1.2182,1.2183,1.2182,1.2183,4
2014.12.24,09:26,1.2182,1.2182,1.2181,1.2182,3
2014.12.24,09:27,1.2183,1.2183,1.2182,1.2183,7
2014.12.24,09:28,1.2184,1.2185,1.2183,1.2185,8
2014.12.24,09:29,1.2184,1.2184,1.2182,1.2182,3
2014.12.24,09:30,1.2183,1.2183,1.2181,1.2181,5
2014.12.24,09:31,1.2180,1.2181,1.2180,1.2180,3
2014.12.24,09:32,1.2181,1.2182,1.2181,1.2182,2
2014.12.24,09:34,1.2181,1.2181,1.2181,1.2181,1
2014.12.24,09:35,1.2182,1.2182,1.2182,1.2182,1
2014.12.24,09:36,1.2183,1.2183,1.2183,1.2183,1
2014.12.24,09:37,1.2184,1.2185,1.2183,1.2185,10
2014.12.24,09:38,1.2186,1.2186,1.2185,1.2185,4
2014.12.24,09:40,1.2186,1.2186,1.2184,1.2185,6
2014.12.24,09:42,1.2186,1.2188,1.2185,1.2187,8
2014.12.24,09:44,1.2188,1.2190,1.2188,1.2188,7
2014.12.24,09:45,1.2189,1.2190,1.2189,1.2189,11
2014.12.24,09:46,1.2190,1.2190,1.2189,1.2189,4
2014.12.24,09:47,1.2190,1.2190,1.2189,1.2189,2
2014.12.24,09:49,1.2188,1.2188,1.2187,1.2187,2
2014.12.24,09:50,1.2188,1.2188,1.2188,1.2188,1
2014.12.24,09:51,1.2189,1.2190,1.2188,1.2189,9
2014.12.24,09:52,1.2190,1.2190,1.2188,1.2189,4
2014.12.24,09:53,1.2190,1.2193,1.2189,1.2193,10
2014.12.24,09:54,1.2192,1.2193,1.2191,1.2192,7
2014.12.24,09:55,1.2191,1.2192,1.2190,1.2190,6
2014.12.24,09:56,1.2189,1.2190,1.2188,1.2189,13
2014.12.24,09:57,1.2190,1.2190,1.2189,1.2189,2
2014.12.24,09:58,1.2190,1.2190,1.2189,1.2189,8
2014.12.24,09:59,1.2188,1.2188,1.2186,1.2187,4
2014.12.24,10:00,1.2186,1.2187,1.2186,1.2187,8
2014.12.24,10:01,1.2188,1.2188,1.2188,1.2188,1
2014.12.24,10:02,1.2187,1.2187,1.2184,1.2184,14
2014.12.24,10:03,1.2185,1.2186,1.2184,1.2184,6
2014.12.24,10:04,1.2185,1.2187,1.2184,1.2186,6
2014.12.24,10:05,1.2187,1.2187,1.2186,1.2186,8
2014.12.24,10:06,1.2187,1.2187,1.2187,1.2187,1
2014.12.24,10:07,1.2186,1.2188,1.2186,1.2188,3
2014.12.24,10:08,1.2189,1.2189,1.2189,1.2189,1
2014.12.24,10:09,1.2188,1.2188,1.2187,1.2187,2
2014.12.24,10:10,1.2186,1.2187,1.2186,1.2187,4
2014.12.24,10:11,1.2188,1.2188,1.2187,1.2187,6
2014.12.24,10:13,1.2186,1.2186,1.2186,1.2186,1
2014.12.24,10:14,1.2185,1.2186,1.2185,1.2186,8
2014.12.24,10:15,1.2185,1.2186,1.2185,1.2186,12
2014.12.24,10:16,1.2185,1.2186,1.2185,1.2186,2
2014.12.24,10:17,1.2187,1.2187,1.2186,1.2187,7
2014.12.24,10:18,1.2188,1.2189,1.2188,1.2189,4
2014.12.24,10:20,1.2188,1.2188,1.2188,1.2188,1
2014.12.24,10:21,1.2189,1.2189,1.2188,1.2188,2
2014.12.24,10:22,1.2187,1.2187,1.2187,1.2187,1
2014.12.24,10:23,1.2186,1.2187,1.2186,1.2187,6
2014.12.24,10:24,1.2186,1.2187,1.2186,1.2186,3
2014.12.24,10:25,1.2187,1.2187,1.2186,1.2186,4
2014.12.24,10:26,1.2187,1.2187,1.2186,1.2187,3
2014.12.24,10:27,1.2188,1.2188,1.2188,1.2188,1
2014.12.24,10:28,1.2187,1.2188,1.2187,1.2188,4
2014.12.24,10:29,1.2189,1.2190,1.2189,1.2190,2
2014.12.24,10:30,1.2189,1.2191,1.2189,1.2191,3
2014.12.24,10:31,1.2192,1.2193,1.2191,1.2193,10
2014.12.24,10:33,1.2192,1.2193,1.2192,1.2193,2
2014.12.24,10:34,1.2194,1.2196,1.2194,1.2195,6
2014.12.24,10:35,1.2196,1.2197,1.2196,1.2197,2
2014.12.24,10:36,1.2198,1.2198,1.2197,1.2198,3
2014.12.24,10:37,1.2197,1.2198,1.2193,1.2193,11
2014.12.24,10:38,1.2192,1.2193,1.2192,1.2193,4
2014.12.24,10:39,1.2194,1.2194,1.2193,1.2193,4
2014.12.24,10:40,1.2194,1.2194,1.2188,1.2188,13
2014.12.24,10:41,1.2189,1.2189,1.2189,1.2189,1
2014.12.24,10:42,1.2188,1.2189,1.2188,1.2189,4
2014.12.24,10:43,1.2188,1.2189,1.2188,1.2188,5
2014.12.24,10:44,1.2189,1.2191,1.2188,1.2191,5
2014.12.24,10:45,1.2192,1.2192,1.2192,1.2192,1
2014.12.24,10:46,1.2193,1.2193,1.2191,1.2191,3
2014.12.24,10:48,1.2192,1.2192,1.2191,1.2191,2
2014.12.24,10:49,1.2192,1.2192,1.2191,1.2192,3
2014.12.24,10:50,1.2193,1.2193,1.2192,1.2192,2
2014.12.24,10:51,1.2193,1.2194,1.2192,1.2194,4
2014.12.24,10:52,1.2195,1.2195,1.2194,1.2195,3
2014.12.24,10:53,1.2194,1.2194,1.2193,1.2194,7
2014.12.24,10:55,1.2195,1.2195,1.2194,1.2195,5
2014.12.24,10:56,1.2194,1.2195,1.2194,1.2195,8
2014.12.24,10:59,1.2196,1.2199,1.2196,1.2199,4
2014.12.24,11:00,1.2198,1.2199,1.2195,1.2196,15
2014.12.24,11:01,1.2197,1.2198,1.2197,1.2197,3
2014.12.24,11:02,1.2196,1.2197,1.2196,1.2196,9
2014.12.24,11:03,1.2197,1.2197,1.2196,1.2196,2
2014.12.24,11:04,1.2197,1.2198,1.2196,1.2197,5
2014.12.24,11:05,1.2198,1.2198,1.2197,1.2198,7
2014.12.24,11:06,1.2197,1.2198,1.2197,1.2198,4
2014.12.24,11:07,1.2199,1.2199,1.2198,1.2198,4
2014.12.24,11:08,1.2197,1.2200,1.2197,1.2199,9
2014.12.24,11:09,1.2200,1.2202,1.2200,1.2202,11
2014.12.24,11:10,1.2203,1.2203,1.2201,1.2201,7
2014.12.24,11:11,1.2202,1.2203,1.2201,1.2203,4
2014.12.24,11:12,1.2202,1.2206,1.2202,1.2206,10
2014.12.24,11:13,1.2205,1.2206,1.2205,1.2205,9
2014.12.24,11:14,1.2206,1.2206,1.2206,1.2206,1
2014.12.24,11:15,1.2205,1.2206,1.2205,1.2205,3
2014.12.24,11:16,1.2204,1.2204,1.2203,1.2203,2
2014.12.24,11:17,1.2202,1.2203,1.2201,1.2202,5
2014.12.24,11:18,1.2201,1.2202,1.2201,1.2202,6
2014.12.24,11:19,1.2204,1.2204,1.2204,1.2204,1
2014.12.24,11:20,1.2205,1.2205,1.2203,1.2203,7
2014.12.24,11:21,1.2204,1.2204,1.2203,1.2203,4
2014.12.24,11:22,1.2202,1.2203,1.2202,1.2202,5
2014.12.24,11:23,1.2203,1.2203,1.2202,1.2203,3
2014.12.24,11:24,1.2202,1.2203,1.2202,1.2203,2
2014.12.24,11:25,1.2202,1.2203,1.2202,1.2203,2
2014.12.24,11:26,1.2202,1.2203,1.2201,1.2202,7
2014.12.24,11:27,1.2201,1.2202,1.2201,1.2201,3
2014.12.24,11:28,1.2202,1.2202,1.2201,1.2201,6
2014.12.24,11:29,1.2200,1.2200,1.2200,1.2200,1
2014.12.24,11:30,1.2199,1.2199,1.2199,1.2199,1
2014.12.24,11:31,1.2198,1.2198,1.2197,1.2197,2
2014.12.24,11:32,1.2196,1.2197,1.2196,1.2196,5
2014.12.24,11:34,1.2197,1.2199,1.2197,1.2199,3
2014.12.24,11:35,1.2198,1.2198,1.2197,1.2197,4
2014.12.24,11:36,1.2198,1.2198,1.2196,1.2197,6
2014.12.24,11:37,1.2198,1.2202,1.2198,1.2201,8
2014.12.24,11:38,1.2200,1.2200,1.2199,1.2199,2
2014.12.24,11:39,1.2198,1.2199,1.2198,1.2199,2
2014.12.24,11:40,1.2200,1.2200,1.2199,1.2200,5
2014.12.24,11:41,1.2199,1.2200,1.2199,1.2199,3
2014.12.24,11:42,1.2200,1.2200,1.2199,1.2199,4
2014.12.24,11:43,1.2198,1.2198,1.2198,1.2198,1
2014.12.24,11:44,1.2199,1.2201,1.2199,1.2200,4
2014.12.24,11:45,1.2199,1.2199,1.2199,1.2199,1
2014.12.24,11:46,1.2200,1.2200,1.2199,1.2199,4
2014.12.24,11:47,1.2200,1.2200,1.2199,1.2199,4
2014.12.24,11:48,1.2200,1.2201,1.2199,1.2201,4
2014.12.24,11:49,1.2200,1.2200,1.2199,1.2199,4
2014.12.24,11:51,1.2198,1.2200,1.2198,1.2200,3
2014.12.24,11:52,1.2199,1.2202,1.2199,1.2202,3
2014.12.24,11:53,1.2201,1.2202,1.2200,1.2200,4
2014.12.24,11:54,1.2201,1.2201,1.2200,1.2201,5
2014.12.24,11:55,1.2200,1.2201,1.2199,1.2201,4
2014.12.24,11:56,1.2202,1.2202,1.2202,1.2202,1
2014.12.24,11:58,1.2201,1.2202,1.2201,1.2201,3
2014.12.24,11:59,1.2202,1.2202,1.2201,1.2202,3
2014.12.24,12:00,1.2203,1.2203,1.2202,1.2202,8
2014.12.24,12:01,1.2203,1.2204,1.2202,1.2204,8
2014.12.24,12:03,1.2205,1.2205,1.2205,1.2205,1
2014.12.24,12:04,1.2206,1.2206,1.2203,1.2203,4
2014.12.24,12:05,1.2204,1.2204,1.2203,1.2203,2
2014.12.24,12:06,1.2204,1.2205,1.2204,1.2204,5
2014.12.24,12:07,1.2203,1.2204,1.2203,1.2204,2
2014.12.24,12:09,1.2203,1.2203,1.2203,1.2203,1
2014.12.24,12:10,1.2202,1.2203,1.2202,1.2203,2
2014.12.24,12:11,1.2202,1.2203,1.2197,1.2197,14
2014.12.24,12:12,1.2198,1.2199,1.2198,1.2198,5
2014.12.24,12:13,1.2199,1.2201,1.2198,1.2201,7
2014.12.24,12:14,1.2200,1.2200,1.2200,1.2200,1
2014.12.24,12:15,1.2201,1.2201,1.2201,1.2201,1
2014.12.24,12:16,1.2202,1.2202,1.2201,1.2201,4
2014.12.24,12:17,1.2202,1.2202,1.2202,1.2202,1
2014.12.24,12:18,1.2201,1.2203,1.2201,1.2203,6
2014.12.24,12:19,1.2202,1.2203,1.2202,1.2203,4
2014.12.24,12:20,1.2202,1.2203,1.2202,1.2203,4
2014.12.24,12:21,1.2204,1.2205,1.2203,1.2204,13
2014.12.24,12:22,1.2205,1.2205,1.2204,1.2205,3
2014.12.24,12:23,1.2204,1.2205,1.2203,1.2203,4
2014.12.24,12:24,1.2204,1.2204,1.2203,1.2203,2
2014.12.24,12:25,1.2202,1.2203,1.2200,1.2202,15
2014.12.24,12:26,1.2203,1.2203,1.2202,1.2202,4
2014.12.24,12:27,1.2203,1.2203,1.2200,1.2200,8
2014.12.24,12:28,1.2201,1.2201,1.2200,1.2201,3
2014.12.24,12:29,1.2200,1.2200,1.2199,1.2199,2
2014.12.24,12:30,1.2198,1.2200,1.2198,1.2198,7
2014.12.24,12:31,1.2197,1.2197,1.2195,1.2196,18
2014.12.24,12:32,1.2197,1.2198,1.2197,1.2197,17
2014.12.24,12:33,1.2198,1.2198,1.2197,1.2197,2
2014.12.24,12:34,1.2196,1.2197,1.2196,1.2197,2
2014.12.24,12:35,1.2196,1.2196,1.2196,1.2196,1
2014.12.24,12:36,1.2195,1.2195,1.2195,1.2195,1
2014.12.24,12:37,1.2196,1.2196,1.2195,1.2195,2
2014.12.24,12:38,1.2196,1.2196,1.2195,1.2196,5
2014.12.24,12:39,1.2195,1.2196,1.2195,1.2196,2
2014.12.24,12:40,1.2197,1.2198,1.2197,1.2198,2
2014.12.24,12:41,1.2197,1.2198,1.2196,1.2196,8
2014.12.24,12:42,1.2197,1.2198,1.2197,1.2198,4
2014.12.24,12:43,1.2197,1.2198,1.2197,1.2198,2
2014.12.24,12:44,1.2197,1.2197,1.2197,1.2197,1
2014.12.24,12:45,1.2198,1.2198,1.2196,1.2197,4
2014.12.24,12:46,1.2196,1.2198,1.2196,1.2198,7
2014.12.24,12:47,1.2197,1.2197,1.2194,1.2196,8
2014.12.24,12:51,1.2197,1.2197,1.2195,1.2196,4
2014.12.24,12:52,1.2195,1.2196,1.2195,1.2196,6
2014.12.24,12:53,1.2195,1.2197,1.2195,1.2196,4
2014.12.24,12:54,1.2197,1.2198,1.2197,1.2198,2
2014.12.24,12:55,1.2197,1.2201,1.2197,1.2200,11
2014.12.24,12:56,1.2199,1.2199,1.2198,1.2198,2
2014.12.24,12:57,1.2197,1.2198,1.2196,1.2196,8
2014.12.24,12:58,1.2195,1.2196,1.2195,1.2195,7
2014.12.24,12:59,1.2196,1.2197,1.2194,1.2195,8
2014.12.24,13:00,1.2194,1.2194,1.2192,1.2193,4
2014.12.24,13:01,1.2194,1.2194,1.2193,1.2193,4
2014.12.24,13:02,1.2192,1.2193,1.2189,1.2189,10
2014.12.24,13:03,1.2190,1.2190,1.2190,1.2190,1
2014.12.24,13:04,1.2191,1.2196,1.2191,1.2196,14
2014.12.24,13:05,1.2195,1.2195,1.2192,1.2192,4
2014.12.24,13:06,1.2193,1.2194,1.2192,1.2194,6
2014.12.24,13:07,1.2193,1.2194,1.2193,1.2193,3
2014.12.24,13:09,1.2194,1.2194,1.2194,1.2194,1
2014.12.24,13:11,1.2193,1.2193,1.2193,1.2193,1
2014.12.24,13:12,1.2194,1.2194,1.2194,1.2194,1
2014.12.24,13:13,1.2195,1.2195,1.2192,1.2192,10
2014.12.24,13:14,1.2191,1.2194,1.2191,1.2193,11
2014.12.24,13:15,1.2194,1.2195,1.2194,1.2195,4
2014.12.24,13:16,1.2194,1.2195,1.2193,1.2194,5
2014.12.24,13:17,1.2195,1.2195,1.2193,1.2193,3
2014.12.24,13:18,1.2192,1.2193,1.2192,1.2193,2
2014.12.24,13:19,1.2192,1.2192,1.2189,1.2190,5
2014.12.24,13:20,1.2191,1.2192,1.2190,1.2190,4
2014.12.24,13:21,1.2191,1.2191,1.2190,1.2190,2
2014.12.24,13:22,1.2191,1.2191,1.2190,1.2191,3
2014.12.24,13:24,1.2192,1.2192,1.2191,1.2192,7
2014.12.24,13:25,1.2191,1.2192,1.2191,1.2192,2
2014.12.24,13:26,1.2193,1.2193,1.2189,1.2189,9
2014.12.24,13:27,1.2190,1.2191,1.2189,1.2190,11
2014.12.24,13:28,1.2189,1.2190,1.2189,1.2190,2
2014.12.24,13:29,1.2191,1.2191,1.2190,1.2191,5
2014.12.24,13:30,1.2190,1.2190,1.2190,1.2190,1
2014.12.24,13:31,1.2189,1.2190,1.2189,1.2190,2
2014.12.24,13:32,1.2189,1.2190,1.2189,1.2190,4
2014.12.24,13:33,1.2191,1.2191,1.2190,1.2190,4
2014.12.24,13:34,1.2191,1.2191,1.2191,1.2191,1
2014.12.24,13:36,1.2190,1.2191,1.2190,1.2191,4
2014.12.24,13:37,1.2190,1.2190,1.2190,1.2190,1
2014.12.24,13:38,1.2191,1.2192,1.2190,1.2192,4
2014.12.24,13:39,1.2191,1.2192,1.2191,1.2192,2
2014.12.24,13:40,1.2191,1.2193,1.2191,1.2192,6
2014.12.24,13:41,1.2193,1.2193,1.2192,1.2193,5
2014.12.24,13:42,1.2192,1.2193,1.2192,1.2193,4
2014.12.24,13:43,1.2192,1.2192,1.2191,1.2191,6
2014.12.24,13:44,1.2192,1.2192,1.2192,1.2192,1
2014.12.24,13:45,1.2193,1.2194,1.2193,1.2194,4
2014.12.24,13:46,1.2195,1.2195,1.2195,1.2195,1
2014.12.24,13:47,1.2194,1.2194,1.2193,1.2193,4
2014.12.24,13:48,1.2194,1.2195,1.2194,1.2195,2
2014.12.24,13:50,1.2196,1.2196,1.2195,1.2195,2
2014.12.24,13:51,1.2196,1.2196,1.2196,1.2196,1
2014.12.24,13:53,1.2197,1.2197,1.2197,1.2197,1
2014.12.24,13:54,1.2198,1.2198,1.2197,1.2197,2
2014.12.24,13:56,1.2198,1.2198,1.2197,1.2197,2
2014.12.24,13:57,1.2198,1.2198,1.2197,1.2198,7
2014.12.24,13:58,1.2197,1.2198,1.2197,1.2197,3
2014.12.24,13:59,1.2198,1.2199,1.2198,1.2199,4
2014.12.24,14:00,1.2198,1.2199,1.2198,1.2198,7
2014.12.24,14:01,1.2199,1.2199,1.2198,1.2199,3
2014.12.24,14:02,1.2198,1.2200,1.2198,1.2200,5
2014.12.24,14:03,1.2199,1.2200,1.2199,1.2199,3
2014.12.24,14:04,1.2198,1.2199,1.2198,1.2198,3
2014.12.24,14:05,1.2199,1.2200,1.2199,1.2200,4
2014.12.24,14:06,1.2199,1.2199,1.2199,1.2199,1
2014.12.24,14:07,1.2200,1.2200,1.2199,1.2199,2
2014.12.24,14:08,1.2198,1.2198,1.2198,1.2198,1
2014.12.24,14:15,1.2199,1.2199,1.2199,1.2199,1
2014.12.24,14:16,1.2198,1.2198,1.2197,1.2198,3
2014.12.24,14:17,1.2197,1.2197,1.2196,1.2197,3
2014.12.24,14:18,1.2198,1.2199,1.2198,1.2199,2
2014.12.24,14:19,1.2198,1.2199,1.2198,1.2198,3
2014.12.24,14:21,1.2199,1.2199,1.2199,1.2199,1
2014.12.24,14:22,1.2200,1.2200,1.2196,1.2196,9
2014.12.24,14:23,1.2197,1.2200,1.2197,1.2200,4
2014.12.24,14:24,1.2201,1.2201,1.2200,1.2201,3
2014.12.24,14:25,1.2202,1.2202,1.2202,1.2202,1
2014.12.24,14:26,1.2201,1.2202,1.2201,1.2201,5
2014.12.24,14:27,1.2202,1.2202,1.2198,1.2198,7
2014.12.24,14:28,1.2199,1.2199,1.2198,1.2199,3
2014.12.24,14:29,1.2198,1.2201,1.2198,1.2201,14
2014.12.24,14:30,1.2200,1.2202,1.2200,1.2202,3
2014.12.24,14:33,1.2203,1.2204,1.2203,1.2203,3
2014.12.24,14:34,1.2204,1.2204,1.2203,1.2203,2
2014.12.24,14:35,1.2204,1.2204,1.2203,1.2203,2
2014.12.24,14:36,1.2204,1.2204,1.2203,1.2204,5
2014.12.24,14:37,1.2203,1.2203,1.2203,1.2203,1
2014.12.24,14:38,1.2202,1.2202,1.2199,1.2199,4
2014.12.24,14:39,1.2200,1.2200,1.2199,1.2199,6
2014.12.24,14:40,1.2198,1.2198,1.2198,1.2198,1
2014.12.24,14:41,1.2199,1.2199,1.2198,1.2198,2
2014.12.24,14:42,1.2199,1.2200,1.2199,1.2200,4
2014.12.24,14:43,1.2199,1.2200,1.2198,1.2198,4
2014.12.24,14:44,1.2197,1.2198,1.2197,1.2198,2
2014.12.24,14:45,1.2199,1.2199,1.2197,1.2198,4
2014.12.24,14:46,1.2197,1.2198,1.2197,1.2198,4
2014.12.24,14:47,1.2197,1.2197,1.2196,1.2196,2
2014.12.24,14:49,1.2194,1.2196,1.2193,1.2195,8
2014.12.24,14:50,1.2196,1.2197,1.2196,1.2197,6
2014.12.24,14:51,1.2196,1.2197,1.2196,1.2197,4
2014.12.24,14:52,1.2196,1.2196,1.2196,1.2196,1
2014.12.24,14:53,1.2197,1.2197,1.2197,1.2197,1
2014.12.24,14:54,1.2198,1.2199,1.2198,1.2199,4
2014.12.24,14:56,1.2198,1.2198,1.2197,1.2198,3
2014.12.24,14:57,1.2199,1.2199,1.2199,1.2199,1
2014.12.24,14:58,1.2200,1.2200,1.2199,1.2200,3
2014.12.24,14:59,1.2201,1.2201,1.2200,1.2200,4
2014.12.24,15:00,1.2201,1.2205,1.2200,1.2204,12
2014.12.24,15:01,1.2205,1.2206,1.2204,1.2206,8
2014.12.24,15:02,1.2207,1.2209,1.2206,1.2209,11
2014.12.24,15:03,1.2208,1.2216,1.2208,1.2213,22
2014.12.24,15:04,1.2212,1.2215,1.2212,1.2213,14
2014.12.24,15:05,1.2212,1.2212,1.2210,1.2210,11
2014.12.24,15:06,1.2211,1.2212,1.2211,1.2212,8
2014.12.24,15:07,1.2211,1.2214,1.2211,1.2212,8
2014.12.24,15:08,1.2211,1.2212,1.2210,1.2210,14
2014.12.24,15:09,1.2211,1.2212,1.2210,1.2211,5
2014.12.24,15:10,1.2212,1.2212,1.2209,1.2210,7
2014.12.24,15:11,1.2209,1.2209,1.2208,1.2209,5
2014.12.24,15:13,1.2208,1.2210,1.2208,1.2209,4
2014.12.24,15:14,1.2210,1.2217,1.2209,1.2217,11
2014.12.24,15:15,1.2218,1.2219,1.2216,1.2217,18
2014.12.24,15:16,1.2218,1.2219,1.2217,1.2218,9
2014.12.24,15:17,1.2217,1.2219,1.2217,1.2217,5
2014.12.24,15:18,1.2216,1.2218,1.2216,1.2217,8
2014.12.24,15:19,1.2218,1.2218,1.2217,1.2217,2
2014.12.24,15:20,1.2216,1.2217,1.2215,1.2217,20
2014.12.24,15:21,1.2216,1.2217,1.2216,1.2216,3
2014.12.24,15:23,1.2215,1.2215,1.2215,1.2215,1
2014.12.24,15:24,1.2214,1.2215,1.2213,1.2215,10
2014.12.24,15:25,1.2214,1.2215,1.2213,1.2213,10
2014.12.24,15:26,1.2214,1.2215,1.2214,1.2215,2
2014.12.24,15:27,1.2214,1.2214,1.2214,1.2214,1
2014.12.24,15:28,1.2213,1.2214,1.2213,1.2214,2
2014.12.24,15:29,1.2213,1.2214,1.2212,1.2213,7
2014.12.24,15:30,1.2212,1.2213,1.2209,1.2211,22
2014.12.24,15:31,1.2210,1.2211,1.2209,1.2211,4
2014.12.24,15:32,1.2212,1.2214,1.2211,1.2214,5
2014.12.24,15:33,1.2213,1.2214,1.2213,1.2213,7
2014.12.24,15:34,1.2214,1.2214,1.2213,1.2214,3
2014.12.24,15:35,1.2213,1.2215,1.2213,1.2214,6
2014.12.24,15:36,1.2213,1.2213,1.2209,1.2209,5
2014.12.24,15:37,1.2208,1.2209,1.2208,1.2209,2
2014.12.24,15:38,1.2208,1.2208,1.2206,1.2206,5
2014.12.24,15:39,1.2205,1.2206,1.2205,1.2205,3
2014.12.24,15:40,1.2206,1.2206,1.2206,1.2206,1
2014.12.24,15:45,1.2207,1.2207,1.2207,1.2207,1
2014.12.24,15:46,1.2208,1.2208,1.2206,1.2206,3
2014.12.24,15:47,1.2205,1.2205,1.2205,1.2205,1
2014.12.24,15:48,1.2204,1.2205,1.2204,1.2204,3
2014.12.24,15:49,1.2205,1.2205,1.2204,1.2205,7
2014.12.24,15:50,1.2204,1.2204,1.2204,1.2204,1
2014.12.24,15:51,1.2203,1.2204,1.2203,1.2204,4
2014.12.24,15:52,1.2203,1.2204,1.2203,1.2203,5
2014.12.24,15:53,1.2204,1.2204,1.2203,1.2204,7
2014.12.24,15:54,1.2203,1.2203,1.2202,1.2202,4
2014.12.24,15:55,1.2201,1.2203,1.2201,1.2202,6
2014.12.24,15:56,1.2203,1.2203,1.2203,1.2203,1
2014.12.24,15:57,1.2202,1.2202,1.2202,1.2202,1
2014.12.24,15:58,1.2203,1.2204,1.2202,1.2202,4
2014.12.24,15:59,1.2201,1.2202,1.2200,1.2202,10
2014.12.24,16:00,1.2203,1.2203,1.2200,1.2200,10
2014.12.24,16:01,1.2199,1.2200,1.2199,1.2199,5
2014.12.24,16:02,1.2198,1.2198,1.2195,1.2195,8
2014.12.24,16:03,1.2196,1.2196,1.2195,1.2196,3
2014.12.24,16:04,1.2195,1.2195,1.2190,1.2193,20
2014.12.24,16:05,1.2194,1.2195,1.2193,1.2195,6
2014.12.24,16:06,1.2196,1.2196,1.2195,1.2196,5
2014.12.24,16:07,1.2195,1.2196,1.2195,1.2195,3
2014.12.24,16:08,1.2196,1.2196,1.2195,1.2195,4
2014.12.24,16:09,1.2194,1.2195,1.2193,1.2194,29
2014.12.24,16:10,1.2193,1.2194,1.2193,1.2193,5
2014.12.24,16:11,1.2192,1.2197,1.2192,1.2197,8
2014.12.24,16:12,1.2196,1.2196,1.2196,1.2196,1
2014.12.24,16:13,1.2197,1.2197,1.2197,1.2197,1
2014.12.24,16:14,1.2198,1.2198,1.2198,1.2198,1
2014.12.24,16:15,1.2197,1.2197,1.2197,1.2197,1
2014.12.24,16:16,1.2196,1.2196,1.2195,1.2195,2
2014.12.24,16:17,1.2194,1.2195,1.2194,1.2194,5
2014.12.24,16:18,1.2195,1.2195,1.2195,1.2195,1
2014.12.24,16:19,1.2194,1.2195,1.2194,1.2195,10
2014.12.24,16:20,1.2196,1.2196,1.2195,1.2196,3
2014.12.24,16:21,1.2195,1.2196,1.2195,1.2195,3
2014.12.24,16:22,1.2196,1.2197,1.2195,1.2197,4
2014.12.24,16:23,1.2196,1.2197,1.2196,1.2197,4
2014.12.24,16:24,1.2196,1.2196,1.2195,1.2195,4
2014.12.24,16:25,1.2194,1.2194,1.2193,1.2194,3
2014.12.24,16:26,1.2193,1.2194,1.2193,1.2193,5
2014.12.24,16:27,1.2194,1.2195,1.2194,1.2195,2
2014.12.24,16:28,1.2196,1.2196,1.2196,1.2196,1
2014.12.24,16:29,1.2197,1.2197,1.2197,1.2197,1
2014.12.24,16:30,1.2198,1.2199,1.2198,1.2199,2
2014.12.24,16:32,1.2198,1.2199,1.2198,1.2199,2
2014.12.24,16:33,1.2198,1.2198,1.2196,1.2196,5
2014.12.24,16:34,1.2197,1.2198,1.2196,1.2198,4
2014.12.24,16:35,1.2197,1.2198,1.2197,1.2198,6
2014.12.24,16:36,1.2197,1.2197,1.2197,1.2197,1
2014.12.24,16:37,1.2198,1.2198,1.2197,1.2197,2
2014.12.24,16:40,1.2196,1.2197,1.2196,1.2197,4
2014.12.24,16:41,1.2196,1.2197,1.2196,1.2196,9
2014.12.24,16:42,1.2197,1.2197,1.2196,1.2197,5
2014.12.24,16:43,1.2196,1.2197,1.2196,1.2196,3
2014.12.24,16:44,1.2197,1.2197,1.2196,1.2196,2
2014.12.24,16:45,1.2197,1.2197,1.2196,1.2196,2
2014.12.24,16:46,1.2197,1.2197,1.2197,1.2197,1
2014.12.24,16:47,1.2196,1.2197,1.2196,1.2196,3
2014.12.24,16:48,1.2197,1.2197,1.2196,1.2196,2
2014.12.24,16:49,1.2195,1.2196,1.2192,1.2193,9
2014.12.24,16:50,1.2192,1.2193,1.2192,1.2193,2
2014.12.24,16:51,1.2194,1.2194,1.2193,1.2194,5
2014.12.24,16:52,1.2193,1.2194,1.2193,1.2194,2
2014.12.24,16:53,1.2193,1.2193,1.2193,1.2193,1
2014.12.24,16:54,1.2192,1.2193,1.2191,1.2191,6
2014.12.24,16:55,1.2192,1.2192,1.2191,1.2191,4
2014.12.24,16:56,1.2192,1.2192,1.2191,1.2191,4
2014.12.24,16:57,1.2192,1.2193,1.2191,1.2191,6
2014.12.24,16:58,1.2192,1.2192,1.2191,1.2191,2
2014.12.24,16:59,1.2190,1.2191,1.2190,1.2190,3
2014.12.24,17:00,1.2191,1.2191,1.2191,1.2191,1
2014.12.24,17:01,1.2192,1.2192,1.2190,1.2190,3
2014.12.24,17:03,1.2191,1.2191,1.2191,1.2191,1
2014.12.24,17:04,1.2190,1.2191,1.2190,1.2191,4
2014.12.24,17:05,1.2190,1.2191,1.2190,1.2191,4
2014.12.24,17:06,1.2190,1.2191,1.2190,1.2191,2
2014.12.24,17:08,1.2192,1.2192,1.2190,1.2190,3
2014.12.24,17:09,1.2188,1.2188,1.2184,1.2187,8
2014.12.24,17:10,1.2188,1.2188,1.2187,1.2188,9
2014.12.24,17:11,1.2187,1.2188,1.2186,1.2186,6
2014.12.24,17:12,1.2187,1.2190,1.2187,1.2190,6
2014.12.24,17:13,1.2191,1.2191,1.2190,1.2190,6
2014.12.24,17:14,1.2191,1.2194,1.2191,1.2191,9
2014.12.24,17:15,1.2192,1.2192,1.2191,1.2191,2
2014.12.24,17:17,1.2190,1.2190,1.2190,1.2190,1
2014.12.24,17:20,1.2189,1.2190,1.2189,1.2189,3
2014.12.24,17:21,1.2190,1.2190,1.2190,1.2190,1
2014.12.24,17:22,1.2189,1.2190,1.2189,1.2189,7
2014.12.24,17:23,1.2190,1.2190,1.2189,1.2189,2
2014.12.24,17:24,1.2190,1.2190,1.2190,1.2190,1
2014.12.24,17:28,1.2189,1.2190,1.2189,1.2190,2
2014.12.24,17:30,1.2189,1.2189,1.2189,1.2189,1
2014.12.24,17:31,1.2190,1.2190,1.2189,1.2190,3
2014.12.24,17:33,1.2189,1.2190,1.2189,1.2189,3
2014.12.24,17:34,1.2190,1.2190,1.2189,1.2189,4
2014.12.24,17:35,1.2190,1.2190,1.2189,1.2189,6
2014.12.24,17:36,1.2190,1.2190,1.2190,1.2190,1
2014.12.24,17:40,1.2189,1.2190,1.2189,1.2189,3
2014.12.24,17:41,1.2190,1.2190,1.2189,1.2190,3
2014.12.24,17:46,1.2189,1.2190,1.2189,1.2189,3
2014.12.24,17:48,1.2190,1.2190,1.2189,1.2190,5
2014.12.24,17:53,1.2189,1.2189,1.2189,1.2189,1
2014.12.24,17:54,1.2190,1.2190,1.2189,1.2190,3
2014.12.24,17:57,1.2189,1.2189,1.2189,1.2189,1
2014.12.24,17:58,1.2188,1.2188,1.2186,1.2186,3
2014.12.24,17:59,1.2187,1.2189,1.2187,1.2188,6
2014.12.24,18:00,1.2189,1.2189,1.2187,1.2188,14
2014.12.24,18:01,1.2189,1.2189,1.2189,1.2189,1
2014.12.24,18:02,1.2188,1.2189,1.2188,1.2189,2
2014.12.24,18:03,1.2190,1.2190,1.2190,1.2190,1
2014.12.24,18:04,1.2189,1.2190,1.2189,1.2189,7
2014.12.24,18:05,1.2188,1.2188,1.2188,1.2188,1
2014.12.24,18:06,1.2189,1.2189,1.2188,1.2188,4
2014.12.24,18:07,1.2189,1.2189,1.2187,1.2187,7
2014.12.24,18:08,1.2188,1.2188,1.2187,1.2187,10
2014.12.24,18:09,1.2188,1.2190,1.2188,1.2190,7
2014.12.24,18:10,1.2189,1.2190,1.2189,1.2190,4
2014.12.24,18:11,1.2189,1.2190,1.2189,1.2189,3
2014.12.24,18:13,1.2188,1.2188,1.2188,1.2188,1
2014.12.24,18:14,1.2189,1.2190,1.2189,1.2190,4
2014.12.24,18:17,1.2191,1.2192,1.2189,1.2190,10
2014.12.24,18:18,1.2189,1.2190,1.2189,1.2190,2
2014.12.24,18:19,1.2189,1.2190,1.2189,1.2189,3
2014.12.24,18:21,1.2190,1.2190,1.2189,1.2190,3
2014.12.24,18:22,1.2191,1.2191,1.2189,1.2189,3
2014.12.24,18:26,1.2190,1.2190,1.2190,1.2190,1
2014.12.24,18:27,1.2189,1.2190,1.2189,1.2190,2
2014.12.24,18:28,1.2189,1.2190,1.2189,1.2190,4
2014.12.24,18:29,1.2189,1.2190,1.2189,1.2189,3
2014.12.24,18:30,1.2188,1.2190,1.2188,1.2190,7
2014.12.24,18:31,1.2191,1.2192,1.2191,1.2192,4
2014.12.24,18:32,1.2193,1.2193,1.2192,1.2193,3
2014.12.24,18:33,1.2194,1.2194,1.2194,1.2194,1
2014.12.24,18:34,1.2193,1.2194,1.2193,1.2194,4
2014.12.24,18:35,1.2193,1.2194,1.2193,1.2194,10
2014.12.24,18:37,1.2193,1.2193,1.2191,1.2191,5
2014.12.24,18:39,1.2192,1.2192,1.2191,1.2191,16
2014.12.24,18:40,1.2192,1.2192,1.2191,1.2191,12
2014.12.24,18:41,1.2190,1.2190,1.2190,1.2190,1
2014.12.24,18:43,1.2191,1.2191,1.2190,1.2191,3
2014.12.24,18:44,1.2190,1.2190,1.2190,1.2190,1
2014.12.24,18:45,1.2191,1.2191,1.2190,1.2190,2
2014.12.24,18:46,1.2191,1.2191,1.2191,1.2191,1
2014.12.24,18:47,1.2192,1.2192,1.2191,1.2191,2
2014.12.24,18:50,1.2190,1.2190,1.2190,1.2190,1
2014.12.24,18:54,1.2189,1.2189,1.2189,1.2189,1
2014.12.24,18:55,1.2188,1.2189,1.2187,1.2187,8
2014.12.24,18:56,1.2188,1.2188,1.2187,1.2187,2
2014.12.24,18:57,1.2188,1.2189,1.2188,1.2189,2
2014.12.24,18:58,1.2188,1.2189,1.2188,1.2189,2
2014.12.24,18:59,1.2188,1.2188,1.2185,1.2186,7
2014.12.26,08:00,1.2213,1.2213,1.2213,1.2213,1
2014.12.26,08:03,1.2212,1.2212,1.2212,1.2212,1
2014.12.26,08:04,1.2213,1.2213,1.2212,1.2212,6
2014.12.26,08:18,1.2213,1.2213,1.2213,1.2213,1
2014.12.26,08:19,1.2212,1.2213,1.2212,1.2213,4
2014.12.26,08:22,1.2214,1.2215,1.2213,1.2215,4
2014.12.26,08:23,1.2214,1.2215,1.2214,1.2215,18
2014.12.26,08:24,1.2216,1.2216,1.2215,1.2215,2
2014.12.26,08:25,1.2216,1.2216,1.2215,1.2216,15
2014.12.26,08:26,1.2215,1.2216,1.2215,1.2215,3
2014.12.26,08:31,1.2214,1.2214,1.2213,1.2213,2
2014.12.26,08:33,1.2214,1.2214,1.2213,1.2213,2
2014.12.26,08:35,1.2214,1.2214,1.2213,1.2214,5
2014.12.26,08:36,1.2215,1.2215,1.2215,1.2215,1
2014.12.26,08:40,1.2214,1.2214,1.2214,1.2214,1
2014.12.26,08:41,1.2215,1.2215,1.2214,1.2215,3
2014.12.26,08:42,1.2214,1.2215,1.2214,1.2215,2
2014.12.26,08:43,1.2214,1.2215,1.2214,1.2215,2
2014.12.26,08:44,1.2214,1.2214,1.2211,1.2211,8
2014.12.26,08:46,1.2212,1.2212,1.2211,1.2211,2
2014.12.26,08:47,1.2210,1.2210,1.2209,1.2209,2
2014.12.26,08:49,1.2210,1.2210,1.2209,1.2209,2
2014.12.26,08:50,1.2210,1.2210,1.2209,1.2209,2
2014.12.26,08:51,1.2210,1.2210,1.2207,1.2208,9
2014.12.26,08:52,1.2209,1.2209,1.2207,1.2209,5
2014.12.26,08:55,1.2208,1.2208,1.2208,1.2208,1
2014.12.26,08:57,1.2209,1.2209,1.2208,1.2209,3
2014.12.26,08:59,1.2208,1.2208,1.2208,1.2208,1
2014.12.26,09:00,1.2207,1.2208,1.2207,1.2207,3
2014.12.26,09:01,1.2206,1.2207,1.2206,1.2207,2
2014.12.26,09:02,1.2206,1.2207,1.2206,1.2207,2
2014.12.26,09:05,1.2206,1.2207,1.2206,1.2207,2
2014.12.26,09:09,1.2206,1.2207,1.2206,1.2207,4
2014.12.26,09:10,1.2206,1.2207,1.2206,1.2207,16
2014.12.26,09:11,1.2206,1.2206,1.2206,1.2206,1
2014.12.26,09:19,1.2207,1.2207,1.2206,1.2207,3
2014.12.26,09:20,1.2206,1.2207,1.2206,1.2206,3
2014.12.26,09:22,1.2207,1.2208,1.2207,1.2208,2
2014.12.26,09:23,1.2209,1.2209,1.2209,1.2209,1
2014.12.26,09:24,1.2210,1.2210,1.2210,1.2210,1
2014.12.26,09:25,1.2209,1.2209,1.2209,1.2209,1
2014.12.26,09:26,1.2210,1.2210,1.2209,1.2209,2
2014.12.26,09:27,1.2208,1.2208,1.2207,1.2207,6
2014.12.26,09:29,1.2208,1.2208,1.2208,1.2208,1
2014.12.26,09:34,1.2209,1.2209,1.2208,1.2208,2
2014.12.26,09:35,1.2207,1.2208,1.2206,1.2208,6
2014.12.26,09:39,1.2207,1.2207,1.2207,1.2207,1
2014.12.26,09:44,1.2206,1.2206,1.2205,1.2205,2
2014.12.26,09:46,1.2204,1.2205,1.2204,1.2205,4
2014.12.26,09:51,1.2206,1.2206,1.2206,1.2206,1
2014.12.26,09:52,1.2205,1.2206,1.2205,1.2205,3
2014.12.26,09:53,1.2206,1.2206,1.2205,1.2206,5
2014.12.26,09:59,1.2205,1.2205,1.2205,1.2205,1
2014.12.26,10:00,1.2206,1.2206,1.2201,1.2201,6
2014.12.26,10:01,1.2200,1.2200,1.2199,1.2199,2
2014.12.26,10:02,1.2198,1.2198,1.2194,1.2194,7
2014.12.26,10:03,1.2195,1.2195,1.2195,1.2195,1
2014.12.26,10:05,1.2194,1.2195,1.2194,1.2195,2
2014.12.26,10:07,1.2194,1.2194,1.2192,1.2192,5
2014.12.26,10:08,1.2193,1.2193,1.2193,1.2193,1
2014.12.26,10:09,1.2194,1.2194,1.2193,1.2193,2
2014.12.26,10:10,1.2194,1.2194,1.2193,1.2193,2
2014.12.26,10:12,1.2192,1.2193,1.2192,1.2192,3
2014.12.26,10:13,1.2191,1.2191,1.2190,1.2191,15
2014.12.26,10:14,1.2190,1.2191,1.2189,1.2191,8
2014.12.26,10:15,1.2190,1.2191,1.2189,1.2189,10
2014.12.26,10:16,1.2190,1.2192,1.2190,1.2192,3
2014.12.26,10:17,1.2193,1.2193,1.2193,1.2193,1
2014.12.26,10:18,1.2194,1.2194,1.2192,1.2192,7
2014.12.26,10:20,1.2193,1.2193,1.2193,1.2193,1
2014.12.26,10:21,1.2194,1.2194,1.2194,1.2194,1
2014.12.26,10:23,1.2193,1.2193,1.2193,1.2193,1
2014.12.26,10:25,1.2192,1.2192,1.2192,1.2192,1
2014.12.26,10:26,1.2191,1.2191,1.2189,1.2191,5
2014.12.26,10:27,1.2192,1.2192,1.2190,1.2191,6
2014.12.26,10:28,1.2190,1.2190,1.2189,1.2190,3
2014.12.26,10:29,1.2189,1.2193,1.2189,1.2193,4
2014.12.26,10:30,1.2192,1.2193,1.2192,1.2193,2
2014.12.26,10:32,1.2194,1.2195,1.2194,1.2195,2
2014.12.26,10:34,1.2196,1.2197,1.2196,1.2197,2
2014.12.26,10:35,1.2196,1.2196,1.2195,1.2195,2
2014.12.26,10:49,1.2196,1.2196,1.2196,1.2196,1
2014.12.26,10:51,1.2195,1.2196,1.2195,1.2196,2
2014.12.26,10:52,1.2195,1.2196,1.2195,1.2196,2
2014.12.26,10:54,1.2195,1.2195,1.2193,1.2193,3
2014.12.26,10:55,1.2192,1.2192,1.2190,1.2190,7
2014.12.26,10:56,1.2189,1.2189,1.2189,1.2189,1
2014.12.26,10:57,1.2190,1.2190,1.2190,1.2190,1
2014.12.26,10:58,1.2191,1.2191,1.2191,1.2191,1
2014.12.26,11:00,1.2192,1.2192,1.2192,1.2192,1
2014.12.26,11:01,1.2191,1.2193,1.2191,1.2192,6
2014.12.26,11:02,1.2193,1.2193,1.2192,1.2193,5
2014.12.26,11:03,1.2192,1.2193,1.2192,1.2193,2
2014.12.26,11:04,1.2192,1.2192,1.2192,1.2192,1
2014.12.26,11:05,1.2193,1.2193,1.2192,1.2192,6
2014.12.26,11:06,1.2193,1.2193,1.2192,1.2192,2
2014.12.26,11:07,1.2191,1.2191,1.2191,1.2191,1
2014.12.26,11:08,1.2190,1.2190,1.2190,1.2190,1
2014.12.26,11:09,1.2191,1.2191,1.2186,1.2186,6
2014.12.26,11:10,1.2187,1.2187,1.2186,1.2187,3
2014.12.26,11:12,1.2188,1.2191,1.2188,1.2189,16
2014.12.26,11:14,1.2188,1.2189,1.2188,1.2188,9
2014.12.26,11:16,1.2189,1.2189,1.2188,1.2189,3
2014.12.26,11:18,1.2190,1.2190,1.2190,1.2190,1
2014.12.26,11:19,1.2191,1.2191,1.2191,1.2191,1
2014.12.26,11:20,1.2192,1.2192,1.2192,1.2192,1
2014.12.26,11:21,1.2193,1.2193,1.2192,1.2192,2
2014.12.26,11:22,1.2193,1.2193,1.2192,1.2193,5
2014.12.26,11:23,1.2194,1.2195,1.2194,1.2194,5
2014.12.26,11:24,1.2193,1.2193,1.2192,1.2192,2
2014.12.26,11:28,1.2193,1.2195,1.2192,1.2194,6
2014.12.26,11:29,1.2195,1.2196,1.2194,1.2195,15
2014.12.26,11:30,1.2194,1.2195,1.2193,1.2193,4
2014.12.26,11:31,1.2194,1.2194,1.2194,1.2194,1
2014.12.26,11:32,1.2195,1.2195,1.2195,1.2195,1
2014.12.26,11:33,1.2194,1.2194,1.2193,1.2193,2
2014.12.26,11:34,1.2192,1.2192,1.2192,1.2192,1
2014.12.26,11:35,1.2191,1.2191,1.2191,1.2191,1
2014.12.26,11:36,1.2192,1.2193,1.2192,1.2193,2
2014.12.26,11:38,1.2192,1.2193,1.2192,1.2192,3
2014.12.26,11:48,1.2191,1.2192,1.2191,1.2192,4
2014.12.26,11:53,1.2193,1.2193,1.2193,1.2193,1
2014.12.26,11:59,1.2192,1.2192,1.2192,1.2192,1
2014.12.26,12:00,1.2193,1.2193,1.2193,1.2193,1
2014.12.26,12:02,1.2192,1.2193,1.2192,1.2193,2
2014.12.26,12:08,1.2192,1.2192,1.2192,1.2192,1
2014.12.26,12:09,1.2193,1.2193,1.2193,1.2193,1
2014.12.26,12:10,1.2192,1.2192,1.2192,1.2192,1
2014.12.26,12:11,1.2191,1.2192,1.2189,1.2189,5
2014.12.26,12:13,1.2190,1.2190,1.2189,1.2190,3
2014.12.26,12:14,1.2189,1.2190,1.2189,1.2190,4
2014.12.26,12:15,1.2191,1.2192,1.2191,1.2192,2
2014.12.26,12:16,1.2193,1.2194,1.2193,1.2193,5
2014.12.26,12:17,1.2192,1.2192,1.2191,1.2192,3
2014.12.26,12:18,1.2191,1.2191,1.2191,1.2191,1
2014.12.26,12:23,1.2190,1.2190,1.2190,1.2190,1
2014.12.26,12:25,1.2189,1.2192,1.2189,1.2191,5
2014.12.26,12:27,1.2192,1.2192,1.2191,1.2191,4
2014.12.26,12:28,1.2190,1.2191,1.2190,1.2191,4
2014.12.26,12:30,1.2190,1.2191,1.2189,1.2189,8
2014.12.26,12:32,1.2190,1.2190,1.2190,1.2190,1
2014.12.26,12:35,1.2191,1.2191,1.2191,1.2191,1
2014.12.26,12:37,1.2190,1.2191,1.2190,1.2191,4
2014.12.26,12:50,1.2192,1.2192,1.2191,1.2192,3
2014.12.26,12:53,1.2193,1.2194,1.2192,1.2193,7
2014.12.26,12:54,1.2194,1.2194,1.2192,1.2192,3
2014.12.26,12:55,1.2193,1.2193,1.2192,1.2192,2
2014.12.26,12:58,1.2191,1.2192,1.2191,1.2191,3
2014.12.26,13:00,1.2190,1.2193,1.2189,1.2193,6
2014.12.26,13:01,1.2192,1.2192,1.2191,1.2191,2
2014.12.26,13:02,1.2190,1.2190,1.2190,1.2190,1
2014.12.26,13:03,1.2189,1.2190,1.2189,1.2190,2
2014.12.26,13:07,1.2191,1.2191,1.2191,1.2191,1
2014.12.26,13:10,1.2190,1.2192,1.2190,1.2192,3
2014.12.26,13:16,1.2193,1.2194,1.2193,1.2193,5
2014.12.26,13:17,1.2194,1.2194,1.2194,1.2194,1
2014.12.26,13:20,1.2193,1.2193,1.2193,1.2193,1
2014.12.26,13:21,1.2192,1.2192,1.2192,1.2192,1
2014.12.26,13:24,1.2191,1.2191,1.2190,1.2190,2
2014.12.26,13:25,1.2189,1.2189,1.2189,1.2189,1
2014.12.26,13:26,1.2190,1.2190,1.2189,1.2189,2
2014.12.26,13:27,1.2190,1.2190,1.2189,1.2189,2
2014.12.26,13:29,1.2188,1.2188,1.2186,1.2187,4
2014.12.26,13:30,1.2188,1.2188,1.2187,1.2187,2
2014.12.26,13:31,1.2186,1.2186,1.2186,1.2186,1
2014.12.26,13:34,1.2187,1.2187,1.2186,1.2186,10
2014.12.26,13:36,1.2185,1.2187,1.2185,1.2186,4
2014.12.26,13:38,1.2185,1.2186,1.2185,1.2185,3
2014.12.26,13:39,1.2186,1.2186,1.2185,1.2185,4
2014.12.26,13:40,1.2186,1.2186,1.2185,1.2185,8
2014.12.26,13:43,1.2186,1.2186,1.2186,1.2186,1
2014.12.26,13:45,1.2185,1.2186,1.2185,1.2186,4
2014.12.26,13:46,1.2185,1.2186,1.2185,1.2186,4
2014.12.26,13:47,1.2185,1.2185,1.2185,1.2185,1
2014.12.26,13:48,1.2186,1.2188,1.2186,1.2188,3
2014.12.26,13:49,1.2187,1.2187,1.2187,1.2187,1
2014.12.26,13:50,1.2188,1.2188,1.2187,1.2187,2
2014.12.26,13:51,1.2188,1.2189,1.2188,1.2189,4
2014.12.26,13:52,1.2188,1.2188,1.2188,1.2188,1
2014.12.26,13:53,1.2187,1.2188,1.2187,1.2188,6
2014.12.26,13:54,1.2187,1.2188,1.2187,1.2187,11
2014.12.26,13:55,1.2188,1.2188,1.2187,1.2187,4
2014.12.26,13:59,1.2188,1.2190,1.2188,1.2190,3
2014.12.26,14:00,1.2191,1.2192,1.2191,1.2192,2
2014.12.26,14:01,1.2191,1.2191,1.2189,1.2190,8
2014.12.26,14:02,1.2191,1.2191,1.2190,1.2191,3
2014.12.26,14:03,1.2190,1.2190,1.2190,1.2190,1
2014.12.26,14:04,1.2191,1.2191,1.2190,1.2190,2
2014.12.26,14:06,1.2191,1.2191,1.2191,1.2191,1
2014.12.26,14:08,1.2192,1.2192,1.2191,1.2192,9
2014.12.26,14:22,1.2193,1.2193,1.2193,1.2193,1
2014.12.26,14:23,1.2192,1.2193,1.2192,1.2192,3
2014.12.26,14:25,1.2191,1.2191,1.2188,1.2189,5
2014.12.26,14:26,1.2188,1.2188,1.2185,1.2187,7
2014.12.26,14:27,1.2186,1.2186,1.2185,1.2185,2
2014.12.26,14:28,1.2184,1.2184,1.2180,1.2184,10
2014.12.26,14:30,1.2185,1.2186,1.2185,1.2186,2
2014.12.26,14:33,1.2185,1.2186,1.2185,1.2186,2
2014.12.26,14:34,1.2185,1.2186,1.2183,1.2183,5
2014.12.26,14:35,1.2184,1.2184,1.2183,1.2184,3
2014.12.26,14:36,1.2183,1.2184,1.2183,1.2184,2
2014.12.26,14:37,1.2183,1.2183,1.2183,1.2183,1
2014.12.26,14:40,1.2184,1.2184,1.2184,1.2184,1
2014.12.26,14:48,1.2183,1.2183,1.2183,1.2183,1
2014.12.26,14:49,1.2182,1.2183,1.2182,1.2183,2
2014.12.26,14:50,1.2184,1.2186,1.2184,1.2186,3
2014.12.26,14:51,1.2187,1.2188,1.2185,1.2186,6
2014.12.26,14:52,1.2185,1.2186,1.2185,1.2185,3
2014.12.26,14:53,1.2186,1.2186,1.2186,1.2186,1
2014.12.26,14:54,1.2185,1.2185,1.2185,1.2185,1
2014.12.26,14:55,1.2186,1.2186,1.2185,1.2185,2
2014.12.26,14:56,1.2184,1.2185,1.2184,1.2184,5
2014.12.26,14:58,1.2185,1.2185,1.2184,1.2184,2
2014.12.26,15:01,1.2185,1.2185,1.2184,1.2185,3
2014.12.26,15:02,1.2186,1.2186,1.2186,1.2186,1
2014.12.26,15:03,1.2185,1.2185,1.2185,1.2185,1
2014.12.26,15:04,1.2184,1.2185,1.2184,1.2184,3
2014.12.26,15:06,1.2183,1.2183,1.2183,1.2183,1
2014.12.26,15:07,1.2184,1.2184,1.2183,1.2183,4
2014.12.26,15:08,1.2182,1.2182,1.2182,1.2182,1
2014.12.26,15:09,1.2181,1.2181,1.2181,1.2181,1
2014.12.26,15:10,1.2180,1.2180,1.2179,1.2180,3
2014.12.26,15:11,1.2179,1.2180,1.2179,1.2180,2
2014.12.26,15:12,1.2179,1.2179,1.2177,1.2178,8
2014.12.26,15:13,1.2177,1.2179,1.2177,1.2178,4
2014.12.26,15:14,1.2179,1.2179,1.2178,1.2178,6
2014.12.26,15:15,1.2177,1.2178,1.2176,1.2177,7
2014.12.26,15:16,1.2176,1.2176,1.2175,1.2175,4
2014.12.26,15:17,1.2173,1.2173,1.2170,1.2171,9
2014.12.26,15:18,1.2172,1.2173,1.2171,1.2171,8
2014.12.26,15:19,1.2170,1.2171,1.2168,1.2168,9
2014.12.26,15:20,1.2169,1.2172,1.2168,1.2172,12
2014.12.26,15:21,1.2173,1.2173,1.2172,1.2172,4
2014.12.26,15:22,1.2171,1.2171,1.2171,1.2171,1
2014.12.26,15:23,1.2172,1.2172,1.2171,1.2172,7
2014.12.26,15:24,1.2171,1.2171,1.2169,1.2169,7
2014.12.26,15:25,1.2168,1.2170,1.2168,1.2169,8
2014.12.26,15:26,1.2168,1.2172,1.2168,1.2172,9
2014.12.26,15:27,1.2173,1.2175,1.2173,1.2175,3
2014.12.26,15:28,1.2174,1.2174,1.2173,1.2174,7
2014.12.26,15:29,1.2175,1.2175,1.2173,1.2173,5
2014.12.26,15:30,1.2174,1.2175,1.2174,1.2175,4
2014.12.26,15:32,1.2176,1.2177,1.2174,1.2174,9
2014.12.26,15:33,1.2173,1.2173,1.2170,1.2173,8
2014.12.26,15:34,1.2174,1.2177,1.2174,1.2177,4
2014.12.26,15:35,1.2176,1.2176,1.2173,1.2175,6
2014.12.26,15:36,1.2174,1.2175,1.2173,1.2173,10
2014.12.26,15:37,1.2174,1.2175,1.2174,1.2174,7
2014.12.26,15:38,1.2173,1.2175,1.2173,1.2175,3
2014.12.26,15:39,1.2176,1.2176,1.2175,1.2176,3
2014.12.26,15:40,1.2178,1.2179,1.2178,1.2178,3
2014.12.26,15:41,1.2179,1.2180,1.2179,1.2179,3
2014.12.26,15:42,1.2180,1.2180,1.2180,1.2180,1
2014.12.26,15:43,1.2179,1.2179,1.2179,1.2179,1
2014.12.26,15:45,1.2180,1.2180,1.2178,1.2178,3
2014.12.26,15:46,1.2179,1.2179,1.2178,1.2179,11
2014.12.26,15:47,1.2178,1.2179,1.2173,1.2175,18
2014.12.26,15:48,1.2176,1.2177,1.2175,1.2177,6
2014.12.26,15:49,1.2178,1.2179,1.2178,1.2179,2
2014.12.26,15:51,1.2178,1.2178,1.2178,1.2178,1
2014.12.26,15:52,1.2179,1.2180,1.2178,1.2178,6
2014.12.26,15:54,1.2179,1.2180,1.2179,1.2179,3
2014.12.26,15:55,1.2180,1.2180,1.2179,1.2180,3
2014.12.26,15:56,1.2179,1.2179,1.2178,1.2179,3
2014.12.26,15:57,1.2178,1.2178,1.2178,1.2178,1
2014.12.26,15:58,1.2177,1.2178,1.2177,1.2178,2
2014.12.26,16:05,1.2179,1.2180,1.2179,1.2180,2
2014.12.26,16:06,1.2179,1.2179,1.2179,1.2179,1
2014.12.26,16:07,1.2180,1.2180,1.2179,1.2179,10
2014.12.26,16:09,1.2178,1.2179,1.2178,1.2179,8
2014.12.26,16:10,1.2178,1.2178,1.2178,1.2178,1
2014.12.26,16:11,1.2179,1.2179,1.2179,1.2179,1
2014.12.26,16:12,1.2178,1.2181,1.2178,1.2179,6
2014.12.26,16:15,1.2180,1.2180,1.2179,1.2179,2
2014.12.26,16:16,1.2180,1.2180,1.2179,1.2179,2
2014.12.26,16:17,1.2180,1.2180,1.2179,1.2179,2
2014.12.26,16:18,1.2178,1.2178,1.2178,1.2178,1
2014.12.26,16:20,1.2179,1.2179,1.2178,1.2179,3
2014.12.26,16:21,1.2180,1.2180,1.2180,1.2180,1
2014.12.26,16:22,1.2179,1.2179,1.2179,1.2179,1
2014.12.26,16:26,1.2180,1.2180,1.2179,1.2179,2
2014.12.26,16:29,1.2178,1.2178,1.2178,1.2178,1
2014.12.26,16:30,1.2177,1.2177,1.2177,1.2177,1
2014.12.26,16:32,1.2176,1.2177,1.2176,1.2177,2
2014.12.26,16:33,1.2176,1.2177,1.2176,1.2176,3
2014.12.26,16:34,1.2175,1.2175,1.2175,1.2175,1
2014.12.26,16:35,1.2176,1.2176,1.2175,1.2175,2
2014.12.26,16:36,1.2174,1.2174,1.2174,1.2174,1
2014.12.26,16:37,1.2173,1.2174,1.2173,1.2174,8
2014.12.26,16:38,1.2173,1.2173,1.2172,1.2173,3
2014.12.26,16:39,1.2174,1.2174,1.2174,1.2174,1
2014.12.26,16:40,1.2173,1.2174,1.2173,1.2174,2
2014.12.26,16:41,1.2173,1.2173,1.2171,1.2171,5
2014.12.26,16:42,1.2170,1.2170,1.2169,1.2170,3
2014.12.26,16:43,1.2169,1.2171,1.2169,1.2171,5
2014.12.26,16:44,1.2172,1.2173,1.2171,1.2171,8
2014.12.26,16:45,1.2170,1.2172,1.2170,1.2172,3
2014.12.26,16:46,1.2171,1.2172,1.2171,1.2172,6
2014.12.26,16:49,1.2171,1.2171,1.2171,1.2171,1
2014.12.26,16:50,1.2170,1.2171,1.2170,1.2170,3
2014.12.26,16:51,1.2169,1.2169,1.2169,1.2169,1
2014.12.26,16:53,1.2168,1.2169,1.2168,1.2168,3
2014.12.26,16:56,1.2169,1.2171,1.2169,1.2170,4
2014.12.26,16:58,1.2169,1.2169,1.2169,1.2169,1
2014.12.26,16:59,1.2170,1.2170,1.2169,1.2170,3
2014.12.26,17:00,1.2171,1.2171,1.2169,1.2169,5
2014.12.26,17:01,1.2170,1.2170,1.2168,1.2168,9
2014.12.26,17:02,1.2169,1.2170,1.2169,1.2169,3
2014.12.26,17:03,1.2170,1.2172,1.2170,1.2171,8
2014.12.26,17:04,1.2172,1.2172,1.2171,1.2172,11
2014.12.26,17:07,1.2171,1.2172,1.2171,1.2172,2
2014.12.26,17:08,1.2171,1.2172,1.2171,1.2172,8
2014.12.26,17:09,1.2171,1.2172,1.2171,1.2171,3
2014.12.26,17:10,1.2170,1.2171,1.2170,1.2171,2
2014.12.26,17:11,1.2170,1.2171,1.2170,1.2170,3
2014.12.26,17:12,1.2171,1.2172,1.2171,1.2172,2
2014.12.26,17:14,1.2173,1.2173,1.2172,1.2172,2
2014.12.26,17:15,1.2173,1.2173,1.2172,1.2172,2
2014.12.26,17:16,1.2173,1.2176,1.2173,1.2174,6
2014.12.26,17:18,1.2175,1.2176,1.2175,1.2176,2
2014.12.26,17:20,1.2175,1.2175,1.2175,1.2175,1
2014.12.26,17:21,1.2176,1.2176,1.2175,1.2175,6
2014.12.26,17:22,1.2174,1.2174,1.2174,1.2174,1
2014.12.26,17:25,1.2175,1.2175,1.2174,1.2175,3
2014.12.26,17:26,1.2174,1.2175,1.2174,1.2174,3
2014.12.26,17:27,1.2175,1.2175,1.2175,1.2175,1
2014.12.26,17:29,1.2174,1.2175,1.2174,1.2175,4
2014.12.26,17:30,1.2174,1.2175,1.2174,1.2175,2
2014.12.26,17:31,1.2176,1.2176,1.2176,1.2176,1
2014.12.26,17:32,1.2175,1.2176,1.2175,1.2175,3
2014.12.26,17:34,1.2176,1.2176,1.2175,1.2175,2
2014.12.26,17:35,1.2176,1.2177,1.2176,1.2177,2
2014.12.26,17:36,1.2176,1.2176,1.2176,1.2176,1
2014.12.26,17:39,1.2175,1.2176,1.2175,1.2176,2
2014.12.26,17:40,1.2175,1.2176,1.2175,1.2175,5
2014.12.26,17:41,1.2176,1.2176,1.2175,1.2176,3
2014.12.26,17:44,1.2175,1.2176,1.2174,1.2174,4
2014.12.26,17:45,1.2175,1.2175,1.2173,1.2173,5
2014.12.26,17:47,1.2172,1.2172,1.2171,1.2171,2
2014.12.26,17:48,1.2172,1.2172,1.2172,1.2172,1
2014.12.26,17:50,1.2173,1.2173,1.2173,1.2173,1
2014.12.26,17:53,1.2172,1.2173,1.2172,1.2172,3
2014.12.26,17:54,1.2173,1.2173,1.2172,1.2172,4
2014.12.26,17:55,1.2173,1.2173,1.2172,1.2172,4
2014.12.26,17:57,1.2173,1.2173,1.2171,1.2172,4
2014.12.26,17:58,1.2171,1.2171,1.2170,1.2170,4
2014.12.26,17:59,1.2171,1.2171,1.2169,1.2169,5
2014.12.26,18:00,1.2170,1.2171,1.2170,1.2171,6
2014.12.26,18:01,1.2170,1.2171,1.2170,1.2171,2
2014.12.26,18:02,1.2170,1.2170,1.2169,1.2170,3
2014.12.26,18:05,1.2169,1.2169,1.2169,1.2169,1
2014.12.26,18:06,1.2170,1.2171,1.2170,1.2171,2
2014.12.26,18:08,1.2172,1.2172,1.2172,1.2172,1
2014.12.26,18:11,1.2171,1.2172,1.2171,1.2171,3
2014.12.26,18:13,1.2172,1.2172,1.2172,1.2172,1
2014.12.26,18:22,1.2173,1.2173,1.2172,1.2172,2
2014.12.26,18:23,1.2173,1.2173,1.2173,1.2173,1
2014.12.26,18:25,1.2174,1.2174,1.2173,1.2174,3
2014.12.26,18:26,1.2173,1.2174,1.2173,1.2174,2
2014.12.26,18:27,1.2175,1.2176,1.2175,1.2176,2
2014.12.26,18:28,1.2175,1.2175,1.2173,1.2173,3
2014.12.26,18:29,1.2174,1.2174,1.2174,1.2174,1
2014.12.26,18:30,1.2173,1.2173,1.2171,1.2171,3
2014.12.26,18:32,1.2172,1.2172,1.2171,1.2172,9
2014.12.26,18:44,1.2171,1.2171,1.2171,1.2171,1
2014.12.26,18:45,1.2172,1.2172,1.2171,1.2171,2
2014.12.26,18:46,1.2172,1.2173,1.2172,1.2173,4
2014.12.26,18:47,1.2172,1.2172,1.2172,1.2172,1
2014.12.26,18:49,1.2173,1.2173,1.2172,1.2172,2
2014.12.26,18:50,1.2173,1.2173,1.2173,1.2173,1
2014.12.26,18:52,1.2174,1.2175,1.2174,1.2175,2
2014.12.26,18:53,1.2176,1.2176,1.2175,1.2175,2
2014.12.26,18:54,1.2176,1.2176,1.2176,1.2176,1
2014.12.26,18:56,1.2175,1.2175,1.2175,1.2175,1
2014.12.26,19:05,1.2174,1.2175,1.2174,1.2175,2
2014.12.26,19:06,1.2174,1.2175,1.2174,1.2174,3
2014.12.26,19:10,1.2175,1.2175,1.2175,1.2175,1
2014.12.26,19:13,1.2174,1.2174,1.2174,1.2174,1
2014.12.26,19:14,1.2173,1.2173,1.2173,1.2173,1
2014.12.26,19:17,1.2172,1.2172,1.2172,1.2172,1
2014.12.26,19:20,1.2173,1.2173,1.2173,1.2173,1
2014.12.26,19:21,1.2172,1.2173,1.2172,1.2173,2
2014.12.26,19:22,1.2172,1.2173,1.2172,1.2173,2
2014.12.26,19:25,1.2174,1.2175,1.2174,1.2174,3
2014.12.26,19:32,1.2175,1.2175,1.2174,1.2175,3
2014.12.26,19:37,1.2174,1.2175,1.2174,1.2175,2
2014.12.26,19:38,1.2174,1.2174,1.2174,1.2174,1
2014.12.26,19:43,1.2175,1.2175,1.2174,1.2174,4
2014.12.26,19:44,1.2175,1.2175,1.2175,1.2175,1
2014.12.26,19:45,1.2176,1.2176,1.2175,1.2175,2
2014.12.26,19:48,1.2174,1.2174,1.2173,1.2174,3
2014.12.26,19:54,1.2173,1.2173,1.2173,1.2173,1
2014.12.26,19:57,1.2174,1.2174,1.2174,1.2174,1
2014.12.26,19:58,1.2173,1.2174,1.2173,1.2174,2
2014.12.26,20:04,1.2173,1.2173,1.2172,1.2172,4
2014.12.26,20:05,1.2173,1.2173,1.2173,1.2173,1
2014.12.26,20:06,1.2174,1.2174,1.2173,1.2173,2
2014.12.26,20:07,1.2174,1.2174,1.2173,1.2174,3
2014.12.26,20:08,1.2173,1.2174,1.2173,1.2174,8
2014.12.26,20:09,1.2173,1.2174,1.2173,1.2174,4
2014.12.26,20:10,1.2173,1.2175,1.2173,1.2175,7
2014.12.26,20:11,1.2176,1.2176,1.2175,1.2175,2
2014.12.26,20:20,1.2176,1.2176,1.2175,1.2175,2
2014.12.26,20:21,1.2176,1.2176,1.2175,1.2175,4
2014.12.26,20:26,1.2176,1.2176,1.2175,1.2176,3
2014.12.26,20:27,1.2177,1.2177,1.2177,1.2177,1
2014.12.26,20:28,1.2178,1.2182,1.2178,1.2179,12
2014.12.26,20:34,1.2180,1.2180,1.2179,1.2179,2
2014.12.26,20:35,1.2180,1.2180,1.2180,1.2180,1
2014.12.26,20:38,1.2179,1.2180,1.2179,1.2180,2
2014.12.26,20:39,1.2179,1.2179,1.2179,1.2179,1
2014.12.26,20:40,1.2178,1.2178,1.2178,1.2178,1
2014.12.26,20:42,1.2179,1.2179,1.2179,1.2179,1
2014.12.26,20:43,1.2180,1.2180,1.2178,1.2179,5
2014.12.26,20:44,1.2180,1.2180,1.2180,1.2180,1
2014.12.26,20:45,1.2179,1.2180,1.2179,1.2180,2
2014.12.26,20:47,1.2181,1.2181,1.2180,1.2181,5
2014.12.26,20:48,1.2180,1.2180,1.2180,1.2180,1
2014.12.26,20:49,1.2181,1.2183,1.2181,1.2183,3
2014.12.26,20:50,1.2182,1.2182,1.2181,1.2181,8
2014.12.26,20:57,1.2180,1.2180,1.2180,1.2180,1
2014.12.26,21:00,1.2179,1.2179,1.2178,1.2178,2
2014.12.26,21:02,1.2179,1.2179,1.2179,1.2179,1
2014.12.26,21:03,1.2178,1.2178,1.2177,1.2177,2
2014.12.26,21:05,1.2178,1.2178,1.2178,1.2178,1
2014.12.26,21:06,1.2177,1.2177,1.2176,1.2176,2
2014.12.26,21:07,1.2177,1.2177,1.2177,1.2177,1
2014.12.26,21:08,1.2176,1.2176,1.2176,1.2176,1
2014.12.26,21:09,1.2177,1.2177,1.2176,1.2176,4
2014.12.26,21:11,1.2177,1.2177,1.2176,1.2177,3
2014.12.26,21:12,1.2178,1.2178,1.2177,1.2177,2
2014.12.26,21:13,1.2178,1.2178,1.2177,1.2177,4
2014.12.26,21:14,1.2178,1.2178,1.2177,1.2178,3
2014.12.26,21:15,1.2177,1.2177,1.2177,1.2177,1
2014.12.26,21:16,1.2178,1.2179,1.2178,1.2178,3
2014.12.26,21:18,1.2177,1.2178,1.2177,1.2178,2
2014.12.26,21:19,1.2177,1.2178,1.2177,1.2177,3
2014.12.26,21:20,1.2178,1.2178,1.2178,1.2178,1
2014.12.26,21:21,1.2177,1.2177,1.2176,1.2176,4
2014.12.26,21:26,1.2175,1.2175,1.2175,1.2175,1
2014.12.26,21:28,1.2174,1.2175,1.2174,1.2175,2
2014.12.26,21:30,1.2174,1.2175,1.2174,1.2175,2
2014.12.26,21:34,1.2174,1.2175,1.2173,1.2175,8
2014.12.26,21:35,1.2176,1.2176,1.2175,1.2175,2
2014.12.26,21:43,1.2174,1.2175,1.2174,1.2175,4
2014.12.26,21:46,1.2174,1.2175,1.2174,1.2174,5
2014.12.26,21:47,1.2175,1.2175,1.2174,1.2175,5
2014.12.26,21:48,1.2174,1.2175,1.2174,1.2175,2
2014.12.26,21:50,1.2174,1.2175,1.2174,1.2174,5
2014.12.26,21:51,1.2175,1.2175,1.2175,1.2175,1
2014.12.26,21:52,1.2174,1.2175,1.2174,1.2175,4
2014.12.26,21:53,1.2174,1.2175,1.2174,1.2175,4
2014.12.26,21:55,1.2176,1.2176,1.2175,1.2176,7
2014.12.26,21:58,1.2175,1.2176,1.2175,1.2176,2
2014.12.26,21:59,1.2177,1.2177,1.2175,1.2176,4
2014.12.26,22:00,1.2175,1.2176,1.2175,1.2175,3
2014.12.26,22:10,1.2176,1.2176,1.2176,1.2176,1
2014.12.26,22:11,1.2175,1.2175,1.2175,1.2175,1
2014.12.26,22:33,1.2176,1.2176,1.2176,1.2176,1
2014.12.26,22:34,1.2175,1.2175,1.2175,1.2175,1
2014.12.26,22:36,1.2176,1.2177,1.2176,1.2177,6
2014.12.26,22:37,1.2176,1.2177,1.2176,1.2177,2
2014.12.26,22:48,1.2178,1.2178,1.2176,1.2177,8
2014.12.26,22:49,1.2176,1.2176,1.2175,1.2176,3
2014.12.26,22:50,1.2175,1.2177,1.2175,1.2176,4
2014.12.26,22:51,1.2177,1.2177,1.2176,1.2176,4
2014.12.26,22:52,1.2175,1.2176,1.2175,1.2176,2
2014.12.26,22:55,1.2177,1.2177,1.2177,1.2177,1
2014.12.26,22:59,1.2178,1.2178,1.2177,1.2177,2
2014.12.26,23:00,1.2178,1.2178,1.2177,1.2177,6
2014.12.26,23:09,1.2176,1.2177,1.2176,1.2177,2
2014.12.26,23:11,1.2176,1.2176,1.2176,1.2176,1
2014.12.26,23:12,1.2177,1.2177,1.2176,1.2176,2
2014.12.26,23:13,1.2177,1.2177,1.2176,1.2177,7
2014.12.26,23:14,1.2176,1.2176,1.2176,1.2176,1
2014.12.26,23:15,1.2177,1.2178,1.2177,1.2177,3
2014.12.26,23:16,1.2178,1.2181,1.2178,1.2179,6
2014.12.26,23:17,1.2178,1.2178,1.2178,1.2178,1
2014.12.26,23:18,1.2177,1.2179,1.2177,1.2179,7
2014.12.26,23:19,1.2178,1.2178,1.2178,1.2178,1
2014.12.26,23:21,1.2177,1.2178,1.2177,1.2178,2
2014.12.26,23:22,1.2177,1.2177,1.2177,1.2177,1
2014.12.26,23:23,1.2178,1.2178,1.2178,1.2178,1
2014.12.26,23:27,1.2177,1.2177,1.2176,1.2177,7
2014.12.26,23:28,1.2176,1.2176,1.2176,1.2176,1
2014.12.26,23:35,1.2177,1.2177,1.2175,1.2175,3
2014.12.26,23:36,1.2176,1.2176,1.2174,1.2175,4
2014.12.26,23:39,1.2174,1.2176,1.2174,1.2176,5
2014.12.26,23:40,1.2175,1.2176,1.2175,1.2176,4
2014.12.26,23:41,1.2175,1.2176,1.2175,1.2176,2
2014.12.26,23:42,1.2175,1.2176,1.2175,1.2176,2
2014.12.26,23:43,1.2177,1.2177,1.2176,1.2176,2
2014.12.26,23:45,1.2175,1.2175,1.2175,1.2175,1
2014.12.26,23:48,1.2176,1.2178,1.2176,1.2178,2
2014.12.26,23:49,1.2177,1.2178,1.2177,1.2178,2
2014.12.26,23:50,1.2177,1.2178,1.2176,1.2176,9
2014.12.26,23:51,1.2177,1.2177,1.2176,1.2177,3
2014.12.26,23:53,1.2176,1.2177,1.2176,1.2177,2
2014.12.26,23:56,1.2178,1.2178,1.2177,1.2177,4
2014.12.26,23:57,1.2178,1.2178,1.2178,1.2178,1
2014.12.26,23:58,1.2177,1.2178,1.2177,1.2177,5
2014.12.26,23:59,1.2178,1.2178,1.2177,1.2177,8
